# Blender 5.0.0
# www.blender.org
mtllib combined.mtl
o Trace_Object
v 3.087017 0.000000 -0.096972
v 3.085552 0.000000 -0.092114
v 3.083275 0.000000 -0.089487
v 3.081370 0.000000 -0.086618
v 3.078119 0.000000 -0.083687
v 3.067812 0.000000 -0.076821
v 3.062686 0.000000 -0.073855
v 3.057871 0.000000 -0.071511
v 3.053374 0.000000 -0.069913
v 3.048576 0.000000 -0.068693
v 3.044250 0.000000 -0.067449
v 3.038028 0.000000 -0.066521
v 3.032024 0.000000 -0.065748
v 3.025972 0.000000 -0.065554
v 3.019553 0.000000 -0.065553
v 3.012548 0.000000 -0.066725
v 3.008721 0.000000 -0.069871
v 3.007574 0.000000 -0.072031
v 3.007767 0.000000 -0.074745
v 3.066914 0.000000 -0.224485
v 3.071216 0.000000 -0.221699
v 3.074932 0.000000 -0.218532
v 3.078977 0.000000 -0.213571
v 3.081752 0.000000 -0.208184
v 3.082549 -0.000000 -0.204243
v 3.082160 0.000000 -0.201229
v 3.079730 -0.000000 -0.200457
v 3.076991 0.000000 -0.201146
v 3.039490 0.000000 -0.219664
v 3.026799 0.000000 -0.225572
v 3.026633 0.000000 -0.227531
v 3.030131 0.000000 -0.229095
v 3.035033 0.000000 -0.229770
v 3.039306 0.000000 -0.230117
v 3.043594 -0.000000 -0.230202
v 3.047354 0.000000 -0.229986
v 3.052220 0.000000 -0.229589
v 3.057230 0.000000 -0.228507
v 3.062192 0.000000 -0.226784
v 3.073182 0.000000 -0.080334
v 3.080217 0.000000 -0.107611
v 3.083170 0.000000 -0.106982
v 3.084972 0.000000 -0.105109
v 3.086044 0.000000 -0.102345
v 3.086548 0.000000 -0.100479
v 1.879130 0.000000 0.077393
v 1.844093 0.000000 0.076441
v 1.801271 0.000000 0.076441
v 1.723412 0.000000 0.076441
v 1.664322 0.000000 0.238396
v 1.664322 0.000000 0.245076
v 1.664322 0.000000 0.251757
v 1.667336 0.000000 0.261526
v 1.671020 0.000000 0.266786
v 1.674704 0.000000 0.272045
v 1.688586 0.000000 0.280631
v 1.701870 0.000000 0.285866
v 1.715153 0.000000 0.291100
v 1.731164 0.000000 0.296229
v 1.737448 0.000000 0.297264
v 1.743732 0.000000 0.298299
v 1.757243 0.000000 0.299425
v 1.767472 0.000000 0.299767
v 1.786070 0.000000 0.300390
v 2.825159 0.000000 0.052026
v 2.824286 0.000000 0.051153
v 2.823414 0.000000 0.050281
v 2.812562 0.000000 0.055876
v 2.800172 0.000000 0.063588
v 2.787782 0.000000 0.071300
v 2.778464 0.000000 0.075926
v 2.763716 0.000000 0.081686
v 2.746650 0.000000 0.085674
v 2.729221 0.000000 0.088908
v 2.704084 0.000000 0.092754
v 2.678947 0.000000 0.096599
v 2.658426 0.000000 0.098402
v 2.638137 0.000000 0.098549
v 2.623585 0.000000 0.097689
v 2.617318 0.000000 0.099232
v 2.615848 0.000000 0.104036
v 2.528124 -0.000000 0.317415
v 2.718641 -0.000000 0.318671
v 0.763956 0.000000 -0.220634
v 0.763956 0.000000 -0.223580
v 1.038875 0.000000 -0.224468
v 0.913507 0.000000 0.068387
v 0.911364 0.000000 0.078960
v 0.911985 0.000000 0.079492
v 0.919157 0.000000 0.078913
v 0.927300 0.000000 0.077673
v 0.965521 0.000051 0.067951
v 0.998598 -0.000021 0.057986
v 1.036510 0.000094 0.047210
v 1.070090 0.000000 0.036695
v 1.083189 0.000000 0.032805
v 1.096288 0.000000 0.028915
v 1.118698 0.000093 0.021597
v 1.139629 0.000069 0.015874
v 1.157122 0.000029 0.008639
v 1.176691 0.000083 -0.001475
v 1.192512 0.000025 -0.010539
v 1.208117 -0.000049 -0.021019
v 1.222946 0.000024 -0.032821
v 1.238235 0.000057 -0.045132
v 1.250312 0.000062 -0.054998
v 1.259443 0.000000 -0.065070
v 1.270126 0.000000 -0.075949
v 1.280809 0.000000 -0.086828
v 1.301284 0.000000 -0.109720
v 1.310409 -0.000046 -0.122981
v 1.315379 -0.000038 -0.131543
v 1.322960 0.000078 -0.146793
v 1.327842 0.000000 -0.161864
v 1.329405 0.000000 -0.169679
v 1.330656 0.000000 -0.188670
v 1.330621 0.000000 -0.204066
v 1.330587 0.000000 -0.219463
v 1.329325 0.000000 -0.236664
v 1.324802 -0.000066 -0.248398
v 1.316341 0.000000 -0.258642
v 1.310889 0.000000 -0.265039
v 1.305437 0.000000 -0.271435
v 1.294358 0.000000 -0.279486
v 1.286269 0.000000 -0.282929
v 1.278180 0.000000 -0.286372
v 1.260285 0.000000 -0.295256
v 1.237942 0.000000 -0.298138
v 1.214139 0.000000 -0.299968
v 1.192458 0.000000 -0.301634
v 0.377988 0.000000 -0.303776
v 0.490250 0.000000 -0.453723
v 0.925053 0.000000 -0.453723
v 1.218857 0.000000 -0.453723
v 1.376616 0.000000 -0.452024
v 1.411540 0.000000 -0.448484
v 1.446513 0.000000 -0.443896
v 1.469958 0.000000 -0.439068
v 1.488637 0.000000 -0.434774
v 1.506641 0.000000 -0.428787
v 1.515888 0.000000 -0.425276
v 1.522557 0.000000 -0.423107
v 1.537582 0.000000 -0.417716
v 1.557565 0.000000 -0.409014
v 1.571988 0.000000 -0.400706
v 1.583895 0.000000 -0.392897
v 1.605881 0.000000 -0.375132
v 1.614201 0.000000 -0.366507
v 1.617327 0.000000 -0.362693
v 1.636550 0.000000 -0.332393
v 1.644670 0.000000 -0.311837
v 1.650887 0.000000 -0.269969
v 1.650960 0.000000 -0.261541
v 1.650260 0.000000 -0.243875
v 1.648439 0.000000 -0.221112
v 1.646456 0.000000 -0.203670
v 1.638888 -0.000214 -0.174146
v 1.622954 -0.000287 -0.142042
v 1.598338 -0.000179 -0.105672
v 1.570554 0.000000 -0.074149
v 1.556119 -0.000032 -0.060733
v 1.542272 -0.000083 -0.048934
v 1.530570 0.000000 -0.038193
v 1.523770 0.000022 -0.032673
v 1.500702 0.000000 -0.015817
v 1.492975 -0.000103 -0.010372
v 1.484213 -0.000044 -0.004320
v 1.465510 -0.000058 0.006118
v 1.445270 0.000014 0.017838
v 1.431524 -0.000011 0.025277
v 1.418793 0.000008 0.032182
v 1.405569 0.000028 0.039060
v 1.384181 0.000000 0.050905
v 1.365679 0.000017 0.058634
v 1.347713 0.000025 0.065651
v 1.316665 0.000000 0.079009
v 1.302750 0.000014 0.084773
v 1.287818 0.000033 0.090976
v 1.263373 0.000000 0.100955
v 1.244201 0.000017 0.107181
v 1.224272 0.000036 0.113614
v 1.194172 0.000000 0.124427
v 1.173153 0.000006 0.129393
v 1.151322 0.000025 0.135555
v 1.103541 -0.000044 0.148275
v 1.070354 0.000000 0.156389
v 1.044143 0.000024 0.163036
v 1.002835 0.000000 0.174384
v 0.975631 0.000030 0.181933
v 0.940503 0.000059 0.189040
v 0.905109 0.000000 0.195043
v 0.886755 0.000000 0.197556
v 0.853384 0.000000 0.202127
v 0.767339 -0.000000 0.419220
v 0.489733 -0.000000 0.418392
v 4.328856 -0.000000 0.609157
v 4.335234 -0.000000 0.593217
v 4.343030 -0.000000 0.576074
v 4.350826 -0.000000 0.558931
v 4.363423 -0.000000 0.531537
v 4.371024 -0.000000 0.515198
v 4.378624 -0.000000 0.498859
v 4.387606 -0.000000 0.477705
v 4.390982 -0.000000 0.468189
v 4.394358 -0.000000 0.458674
v 4.400270 -0.000000 0.446390
v 4.404121 -0.000000 0.440893
v 4.407972 -0.000000 0.435395
v 4.411122 -0.000000 0.428270
v 4.411122 -0.000000 0.425059
v 4.411122 -0.000000 0.421847
v 4.407523 -0.000000 0.419265
v 4.403124 -0.000000 0.419320
v 4.398726 -0.000000 0.419375
v 4.386618 -0.000000 0.423284
v 4.376218 -0.000000 0.428006
v 4.365819 -0.000000 0.432728
v 4.348996 -0.000000 0.444104
v 4.338834 -0.000000 0.453284
v 4.328672 -0.000000 0.462465
v 4.314163 -0.000000 0.479637
v 4.306593 -0.000000 0.491445
v 4.299022 -0.000000 0.503252
v 4.290720 -0.000000 0.522333
v 4.288144 -0.000000 0.533847
v 4.285088 -0.000000 0.547505
v 4.284983 -0.000000 0.560296
v 4.287842 -0.000000 0.570650
v 4.290252 -0.000000 0.579377
v 4.298653 -0.000000 0.593095
v 4.306511 -0.000000 0.601132
v 4.314370 -0.000000 0.609170
v 4.322612 -0.000000 0.615746
v 4.324827 -0.000000 0.615746
v 4.327043 -0.000000 0.615746
v 4.328856 -0.000000 0.613833
v 4.328856 -0.000000 0.611495
v 3.163265 -0.000000 0.394946
v 2.702335 -0.000000 0.402649
v 2.085809 -0.000000 0.400013
v 1.835449 -0.000000 0.398653
v 1.813510 -0.000000 0.387227
v 1.801384 -0.000000 0.380912
v 1.788154 -0.000000 0.369668
v 1.783933 -0.000000 0.362090
v 1.779733 -0.000000 0.354549
v 1.775893 -0.000000 0.347633
v 1.775400 -0.000000 0.346721
v 1.774907 -0.000000 0.345810
v 1.760373 -0.000000 0.354458
v 1.743101 -0.000000 0.365941
v 1.725829 -0.000000 0.377423
v 1.706187 -0.000000 0.388913
v 1.699454 -0.000000 0.391473
v 1.692720 -0.000000 0.394033
v 1.670466 -0.000000 0.400295
v 1.650001 -0.000000 0.405389
v 1.628271 -0.000000 0.410797
v 1.597660 -0.000000 0.414649
v 1.576417 -0.000000 0.414649
v 1.556411 -0.000000 0.414649
v 1.528415 -0.000000 0.411429
v 1.514202 -0.000000 0.407492
v 1.499990 -0.000000 0.403555
v 1.482192 -0.000000 0.398015
v 1.474651 -0.000000 0.395180
v 1.467109 -0.000000 0.392344
v 1.450470 -0.000000 0.382375
v 1.437675 -0.000000 0.373025
v 1.409097 -0.000000 0.342482
v 1.391403 -0.000000 0.311381
v 1.383605 0.000000 0.284153
v 1.379556 0.000000 0.263875
v 1.378565 0.000000 0.242682
v 1.380137 0.000000 0.216196
v 1.383327 0.000000 0.191492
v 1.389838 0.000000 0.168391
v 1.399029 0.000000 0.149179
v 1.406743 0.000000 0.133053
v 1.421696 0.000000 0.109765
v 1.432259 0.000000 0.097426
v 1.442821 0.000000 0.085088
v 1.469534 0.000000 0.063126
v 1.491622 0.000000 0.048623
v 1.513709 0.000000 0.034120
v 1.543170 0.000000 0.017992
v 1.557089 0.000000 0.012784
v 1.576197 0.000000 0.005514
v 1.588542 0.000000 0.001316
v 1.599100 0.000000 -0.001647
v 1.608698 0.000000 -0.004847
v 1.622151 0.000000 -0.007709
v 1.641491 0.000000 -0.013077
v 1.674179 0.000000 -0.019531
v 1.721324 0.000000 -0.021066
v 2.199057 0.000000 -0.023537
v 2.061616 0.000000 0.298915
v 2.256186 0.000000 0.302675
v 2.343400 0.000000 0.097008
v 2.226479 0.000000 0.099262
v 2.248905 0.000000 0.036628
v 2.271330 0.000000 -0.009231
v 2.293038 0.000000 -0.012486
v 2.304978 0.000000 -0.014276
v 2.336092 0.000000 -0.022961
v 2.362181 0.000000 -0.031786
v 2.388270 0.000000 -0.040611
v 2.424223 0.000000 -0.055861
v 2.442077 0.000000 -0.065675
v 2.459931 0.000000 -0.075489
v 2.484024 0.000000 -0.092246
v 2.495618 0.000000 -0.102914
v 2.507212 0.000000 -0.113581
v 2.528674 0.000000 -0.135692
v 2.543310 0.000000 -0.152048
v 2.557947 0.000000 -0.168403
v 2.581394 0.000000 -0.198753
v 2.595415 0.000000 -0.219491
v 2.620908 0.000000 -0.257197
v 2.693346 0.000000 -0.257197
v 2.763129 0.000000 -0.257197
v 2.765784 0.000000 -0.256856
v 2.669806 0.000000 -0.006994
v 2.685834 0.000000 -0.005826
v 2.756317 0.000000 -0.005826
v 2.827121 0.000000 -0.005826
v 2.844072 0.000000 -0.007070
v 2.849683 0.000000 -0.012681
v 2.855468 0.000000 -0.018466
v 2.877650 0.000000 -0.019537
v 2.991692 0.000000 -0.019537
v 3.107570 0.000000 -0.019537
v 3.126844 0.000000 -0.018579
v 3.126844 0.000000 -0.012817
v 3.126844 0.000000 -0.009121
v 3.013489 0.000000 0.307437
v 3.222096 0.000000 0.300390
v 3.225227 0.000000 0.285536
v 3.226948 0.000000 0.277367
v 3.231111 0.000000 0.264512
v 3.234477 0.000000 0.256971
v 3.237842 0.000000 0.249430
v 3.244061 0.000000 0.230920
v 3.248295 0.000000 0.215838
v 3.252529 0.000000 0.200756
v 3.262176 0.000000 0.176075
v 3.269732 0.000000 0.160993
v 3.277288 0.000000 0.145911
v 3.292819 0.000000 0.119174
v 3.304246 0.000000 0.101578
v 3.315672 0.000000 0.083982
v 3.337504 0.000000 0.056496
v 3.352761 0.000000 0.040499
v 3.368018 0.000000 0.024501
v 3.392841 0.000000 0.002612
v 3.407923 0.000000 -0.008143
v 3.423005 0.000000 -0.018898
v 3.448714 0.000000 -0.034883
v 3.465053 0.000000 -0.043665
v 3.481392 0.000000 -0.052447
v 3.504015 0.000000 -0.062283
v 3.515327 0.000000 -0.065522
v 3.526639 0.000000 -0.068761
v 3.538136 0.000000 -0.073087
v 3.540876 0.000000 -0.075135
v 3.543616 0.000000 -0.077183
v 3.566240 0.000000 -0.083242
v 3.591150 0.000000 -0.088600
v 3.616061 0.000000 -0.093958
v 3.646726 0.000000 -0.100103
v 3.659294 0.000000 -0.102255
v 3.671863 0.000000 -0.104408
v 3.726365 0.000000 -0.107515
v 3.780409 0.000000 -0.109161
v 3.844045 0.000000 -0.111098
v 3.894778 0.000000 -0.110314
v 3.924376 0.000000 -0.106934
v 3.949514 0.000000 -0.104063
v 3.984694 0.000000 -0.096835
v 4.002555 0.000000 -0.090871
v 4.020417 0.000000 -0.084907
v 4.040983 0.000000 -0.076330
v 4.048259 0.000000 -0.071811
v 4.055535 0.000000 -0.067292
v 4.068353 0.000000 -0.057281
v 4.076742 0.000000 -0.049564
v 4.085132 0.000000 -0.041847
v 4.096255 0.000000 -0.027307
v 4.101460 0.000000 -0.017252
v 4.107363 0.000000 -0.005846
v 4.111715 0.000000 0.013165
v 4.113030 0.000000 0.033296
v 4.114848 0.000000 0.061118
v 4.113518 0.000000 0.068986
v 4.103373 0.000000 0.090431
v 4.096902 0.000000 0.104109
v 4.083802 0.000000 0.122620
v 4.074263 0.000000 0.131565
v 4.064723 0.000000 0.140510
v 4.045212 0.000000 0.154473
v 4.030904 0.000000 0.162592
v 4.016597 0.000000 0.170712
v 3.990889 0.000000 0.180536
v 3.973775 0.000000 0.184424
v 3.956661 0.000000 0.188312
v 3.931346 0.000000 0.192495
v 3.917521 0.000000 0.193720
v 3.901042 0.000000 0.195181
v 3.879420 0.000000 0.192805
v 3.854748 0.000000 0.186824
v 3.834048 0.000000 0.181806
v 3.807692 0.000000 0.172996
v 3.796178 0.000000 0.167246
v 3.784665 0.000000 0.161496
v 3.767054 0.000000 0.149780
v 3.757043 0.000000 0.141211
v 3.747032 0.000000 0.132642
v 3.732789 0.000000 0.115078
v 3.725390 0.000000 0.102179
v 3.713500 0.000000 0.081448
v 3.711934 0.000000 0.074351
v 3.711896 0.000000 0.041021
v 3.711854 0.000000 0.003315
v 3.697690 0.000000 0.003315
v 3.689901 0.000000 0.003315
v 3.676018 0.000000 0.006797
v 3.666841 0.000000 0.011053
v 3.657663 0.000000 0.015309
v 3.634516 0.000000 0.034334
v 3.615402 0.000000 0.053329
v 3.582031 0.000000 0.086496
v 3.578552 0.000000 0.092084
v 3.527762 0.000000 0.194127
v 3.474895 0.000000 0.300350
v 3.486361 0.000000 0.303269
v 3.492679 0.000000 0.304855
v 4.045492 0.000000 0.300390
v 4.045492 0.000000 0.287817
v 4.045492 0.000000 0.280902
v 4.176647 0.000000 -0.021822
v 4.413638 0.000000 -0.023902
v 4.452256 0.000000 -0.022810
v 4.452256 0.000000 -0.019135
v 4.452256 0.000000 -0.016327
v 4.315022 0.000000 0.300390
v 4.460581 0.000000 0.300390
v 4.469719 0.000000 0.280966
v 4.600739 0.000000 -0.024107
v 4.737231 0.000000 -0.024107
v 4.873722 0.000000 -0.024107
v 4.740514 0.000000 0.298105
v 5.038265 0.000000 0.300485
v 5.041835 0.000000 0.300729
v 5.041835 0.000000 0.309632
v 5.041835 -0.000000 0.314647
v 5.035818 -0.000000 0.327058
v 5.028462 -0.000000 0.337211
v 5.021108 -0.000000 0.347365
v 5.010310 -0.000000 0.359295
v 5.004468 -0.000000 0.363722
v 4.998626 -0.000000 0.368150
v 4.986220 -0.000000 0.376158
v 4.976899 -0.000000 0.381518
v 4.967577 -0.000000 0.386878
v 4.948175 -0.000000 0.393440
v 4.933784 -0.000000 0.396101
v 4.919391 -0.000000 0.398762
v 4.861204 -0.000000 0.400948
v 4.804479 -0.000000 0.400959
v 4.701342 -0.000000 0.400980
v 4.676701 -0.000000 0.449545
v 4.663149 -0.000000 0.476256
v 4.638189 -0.000000 0.518966
v 4.621236 -0.000000 0.544457
v 4.603918 -0.000000 0.570494
v 4.576489 -0.000000 0.603935
v 4.558641 -0.000000 0.620773
v 4.541167 -0.000000 0.637257
v 4.514710 -0.000000 0.658124
v 4.499847 -0.000000 0.667144
v 4.484983 -0.000000 0.676165
v 4.458876 -0.000000 0.688789
v 4.441830 -0.000000 0.695199
v 4.424785 -0.000000 0.701608
v 4.392906 -0.000000 0.709247
v 4.370989 -0.000000 0.712176
v 4.348606 -0.000000 0.715167
v 4.310760 -0.000000 0.716355
v 4.284640 -0.000000 0.714888
v 4.251667 -0.000000 0.713036
v 4.231058 -0.000000 0.709326
v 4.213799 -0.000000 0.702134
v 4.200412 -0.000000 0.696556
v 4.180408 -0.000000 0.685142
v 4.169346 -0.000000 0.676770
v 4.158285 -0.000000 0.668397
v 4.144493 -0.000000 0.654569
v 4.138698 -0.000000 0.646041
v 4.132903 -0.000000 0.637513
v 4.125733 -0.000000 0.620893
v 4.122766 -0.000000 0.609106
v 4.119589 -0.000000 0.596491
v 4.118353 -0.000000 0.572301
v 4.119760 -0.000000 0.550295
v 4.121642 -0.000000 0.520864
v 4.125257 -0.000000 0.506442
v 4.136753 -0.000000 0.482491
v 4.144785 -0.000000 0.465759
v 4.162126 -0.000000 0.440861
v 4.175288 -0.000000 0.427162
v 4.188451 -0.000000 0.413463
v 4.202166 -0.000000 0.401093
v 4.205765 -0.000000 0.399672
v 4.209365 -0.000000 0.398252
v 4.199628 -0.000000 0.396927
v 3.427097 -0.000000 0.400060
v 3.241892 -0.000000 0.863285
v 3.238226 -0.000000 0.871934
v 3.235607 -0.000000 0.875090
v 3.231986 -0.000000 0.879452
v 3.199157 -0.000000 0.880829
v 3.098719 -0.000000 0.880829
v 2.985175 -0.000000 0.880829
v 2.966222 -0.000000 0.879859
v 2.963949 -0.000000 0.873936
v 2.962494 -0.000000 0.870145
v 2.964692 -0.000000 0.859905
v 2.968832 -0.000000 0.851180
v 2.906806 0.000000 -0.229070
v 2.896454 -0.000000 -0.226344
v 2.886499 0.000000 -0.222064
v 2.877325 -0.000000 -0.215113
v 2.869284 0.000000 -0.205758
v 2.862685 -0.000000 -0.194359
v 2.857781 0.000000 -0.181354
v 2.854761 -0.000000 -0.167243
v 2.853742 -0.000000 -0.152569
v 2.854761 -0.000000 -0.137894
v 2.857781 0.000000 -0.123783
v 2.862685 -0.000000 -0.110778
v 2.869284 0.000000 -0.099379
v 2.877325 0.000000 -0.090024
v 2.886499 0.000000 -0.083073
v 2.896454 0.000000 -0.078793
v 2.905846 0.000000 -0.074786
v 2.915688 0.000000 -0.071959
v 2.933569 0.000000 -0.069592
v 2.933569 0.000000 -0.232877
v 2.919156 -0.000000 -0.231311
v 2.902225 0.000000 -0.177570
v 2.898817 0.000000 -0.176672
v 2.895540 -0.000000 -0.175263
v 2.892519 -0.000000 -0.172974
v 2.889872 0.000000 -0.169895
v 2.887699 0.000000 -0.166142
v 2.886084 0.000000 -0.161860
v 2.885090 -0.000000 -0.157214
v 2.884754 -0.000000 -0.152383
v 2.885090 -0.000000 -0.147551
v 2.886084 0.000000 -0.142906
v 2.887699 -0.000000 -0.138624
v 2.889872 -0.000000 -0.134871
v 2.892519 0.000000 -0.131791
v 2.895540 0.000000 -0.129503
v 2.898817 0.000000 -0.128093
v 2.901909 0.000000 -0.126774
v 2.905149 0.000000 -0.125843
v 2.911036 -0.000000 -0.125064
v 2.911036 0.000000 -0.178823
v 2.906291 -0.000000 -0.178307
v 3.070952 -0.000000 -0.240159
v 3.056183 -0.000000 -0.245289
v 3.041269 0.000000 -0.248507
v 3.026784 0.000000 -0.249691
v 3.015590 -0.000000 -0.250332
v 3.002827 0.000000 -0.250079
v 2.990108 0.000000 -0.249046
v 2.975513 0.000000 -0.247036
v 2.965102 0.000000 -0.242383
v 2.965597 -0.000000 -0.236550
v 3.003373 0.000000 -0.218965
v 3.115005 0.000000 -0.163841
v 3.123159 -0.000000 -0.161788
v 3.130392 0.000000 -0.164087
v 3.131550 -0.000000 -0.173060
v 3.129179 0.000000 -0.184791
v 3.120919 0.000000 -0.200827
v 3.108876 0.000000 -0.215594
v 3.097815 -0.000000 -0.225021
v 3.085010 0.000000 -0.233315
v 2.945199 0.000000 -0.063165
v 2.944721 0.000000 -0.056466
v 2.947553 -0.000000 -0.051134
v 2.956999 0.000000 -0.043371
v 2.974291 0.000000 -0.040477
v 2.990135 0.000000 -0.040480
v 3.005074 -0.000000 -0.040958
v 3.019893 0.000000 -0.042866
v 3.035249 -0.000000 -0.045156
v 3.045928 -0.000000 -0.048228
v 3.057769 0.000000 -0.051239
v 3.068870 -0.000000 -0.055181
v 3.080754 -0.000000 -0.060969
v 3.093408 -0.000000 -0.068289
v 3.118847 0.000000 -0.085237
v 3.126871 0.000000 -0.092470
v 3.131574 -0.000000 -0.099554
v 3.137194 -0.000000 -0.106038
v 3.140810 -0.000000 -0.118028
v 3.139654 -0.000000 -0.126684
v 3.138408 -0.000000 -0.131291
v 3.135763 -0.000000 -0.138112
v 3.131316 -0.000000 -0.142735
v 3.124027 -0.000000 -0.144287
v 3.106662 -0.000000 -0.076960
v 1.650437 0.000000 -0.280402
v 1.649452 0.000000 -0.291104
v 1.648065 0.000000 -0.300867
v 3.087017 -0.116000 -0.096972
v 3.085552 -0.116000 -0.092114
v 3.083275 -0.116000 -0.089487
v 3.081370 -0.116000 -0.086618
v 3.078119 -0.116000 -0.083687
v 3.067812 -0.116000 -0.076821
v 3.062686 -0.116000 -0.073855
v 3.057871 -0.116000 -0.071511
v 3.053374 -0.116000 -0.069913
v 3.048576 -0.116000 -0.068693
v 3.044250 -0.116000 -0.067449
v 3.038028 -0.116000 -0.066521
v 3.032024 -0.116000 -0.065748
v 3.025972 -0.116000 -0.065554
v 3.019553 -0.116000 -0.065553
v 3.012548 -0.116000 -0.066725
v 3.008721 -0.116000 -0.069871
v 3.007574 -0.116000 -0.072031
v 3.007767 -0.116000 -0.074745
v 3.066914 -0.116000 -0.224485
v 3.071216 -0.116000 -0.221699
v 3.074932 -0.116000 -0.218532
v 3.078977 -0.116000 -0.213571
v 3.081752 -0.116000 -0.208184
v 3.082549 -0.116000 -0.204243
v 3.082160 -0.116000 -0.201229
v 3.079730 -0.116000 -0.200457
v 3.076991 -0.116000 -0.201146
v 3.039490 -0.116000 -0.219664
v 3.026799 -0.116000 -0.225572
v 3.026633 -0.116000 -0.227531
v 3.030131 -0.116000 -0.229095
v 3.035033 -0.116000 -0.229770
v 3.039306 -0.116000 -0.230117
v 3.043594 -0.116000 -0.230202
v 3.047354 -0.116000 -0.229986
v 3.052220 -0.116000 -0.229589
v 3.057230 -0.116000 -0.228507
v 3.062192 -0.116000 -0.226784
v 3.073182 -0.116000 -0.080334
v 3.080217 -0.116000 -0.107611
v 3.083170 -0.116000 -0.106982
v 3.084972 -0.116000 -0.105109
v 3.086044 -0.116000 -0.102345
v 3.086548 -0.116000 -0.100479
v 1.879130 -0.116000 0.077393
v 1.844093 -0.116000 0.076441
v 1.801271 -0.116000 0.076441
v 1.723412 -0.116000 0.076441
v 1.664322 -0.116000 0.238396
v 1.664322 -0.116000 0.245076
v 1.664322 -0.116000 0.251757
v 1.667336 -0.116000 0.261526
v 1.671020 -0.116000 0.266786
v 1.674704 -0.116000 0.272045
v 1.688586 -0.116000 0.280631
v 1.701870 -0.116000 0.285866
v 1.715153 -0.116000 0.291100
v 1.731164 -0.116000 0.296229
v 1.737448 -0.116000 0.297264
v 1.743732 -0.116000 0.298299
v 1.757243 -0.116000 0.299425
v 1.767472 -0.116000 0.299767
v 1.786070 -0.116000 0.300390
v 2.825159 -0.116000 0.052026
v 2.824286 -0.116000 0.051153
v 2.823414 -0.116000 0.050281
v 2.812562 -0.116000 0.055876
v 2.800172 -0.116000 0.063588
v 2.787782 -0.116000 0.071300
v 2.778464 -0.116000 0.075926
v 2.763716 -0.116000 0.081686
v 2.746650 -0.116000 0.085674
v 2.729221 -0.116000 0.088908
v 2.704084 -0.116000 0.092754
v 2.678947 -0.116000 0.096599
v 2.658426 -0.116000 0.098402
v 2.638137 -0.116000 0.098549
v 2.623585 -0.116000 0.097689
v 2.617318 -0.116000 0.099232
v 2.615848 -0.116000 0.104036
v 2.528124 -0.116000 0.317415
v 2.718641 -0.116000 0.318671
v 0.763956 -0.116000 -0.220634
v 0.763956 -0.116000 -0.223580
v 1.038875 -0.116000 -0.224468
v 0.913507 -0.116000 0.068387
v 0.911362 -0.116000 0.078958
v 0.911975 -0.116000 0.079484
v 0.919147 -0.116000 0.078905
v 0.927291 -0.116000 0.077665
v 0.965512 -0.115949 0.067943
v 0.998588 -0.116021 0.057978
v 1.036501 -0.115906 0.047202
v 1.070080 -0.116000 0.036687
v 1.083179 -0.116000 0.032797
v 1.096278 -0.116000 0.028907
v 1.118688 -0.115907 0.021589
v 1.139619 -0.115931 0.015866
v 1.157112 -0.115971 0.008631
v 1.176681 -0.115917 -0.001483
v 1.192502 -0.115975 -0.010546
v 1.208107 -0.116049 -0.021027
v 1.222937 -0.115976 -0.032828
v 1.238225 -0.115943 -0.045140
v 1.250302 -0.115938 -0.055006
v 1.259433 -0.116000 -0.065078
v 1.270116 -0.116000 -0.075957
v 1.280799 -0.116000 -0.086836
v 1.301274 -0.116000 -0.109728
v 1.310400 -0.116046 -0.122988
v 1.315369 -0.116038 -0.131551
v 1.322950 -0.115922 -0.146801
v 1.327832 -0.116000 -0.161872
v 1.329395 -0.116000 -0.169687
v 1.330646 -0.116000 -0.188678
v 1.330611 -0.116000 -0.204074
v 1.330577 -0.116000 -0.219470
v 1.329315 -0.116000 -0.236672
v 1.324792 -0.116066 -0.248405
v 1.316331 -0.116000 -0.258650
v 1.310879 -0.116000 -0.265047
v 1.305427 -0.116000 -0.271443
v 1.294348 -0.116000 -0.279493
v 1.286259 -0.116000 -0.282937
v 1.278171 -0.116000 -0.286380
v 1.260276 -0.116000 -0.295264
v 1.237932 -0.116000 -0.298146
v 1.214129 -0.116000 -0.299976
v 1.192449 -0.116000 -0.301642
v 0.377978 -0.116000 -0.303784
v 0.490240 -0.116000 -0.453731
v 0.925043 -0.116000 -0.453731
v 1.218847 -0.116000 -0.453731
v 1.376606 -0.116000 -0.452032
v 1.411530 -0.116000 -0.448491
v 1.446504 -0.116000 -0.443904
v 1.469948 -0.116000 -0.439076
v 1.488627 -0.116000 -0.434782
v 1.506631 -0.116000 -0.428794
v 1.515878 -0.116000 -0.425284
v 1.522547 -0.116000 -0.423115
v 1.537573 -0.116000 -0.417724
v 1.557555 -0.116000 -0.409022
v 1.571978 -0.116000 -0.400713
v 1.583885 -0.116000 -0.392905
v 1.605871 -0.116000 -0.375139
v 1.614191 -0.116000 -0.366514
v 1.617318 -0.116000 -0.362701
v 1.636541 -0.116000 -0.332401
v 1.644660 -0.116000 -0.311844
v 1.650877 -0.116000 -0.269977
v 1.650950 -0.116000 -0.261549
v 1.650250 -0.116000 -0.243883
v 1.648429 -0.116000 -0.221119
v 1.646446 -0.116000 -0.203678
v 1.638878 -0.116214 -0.174154
v 1.622944 -0.116287 -0.142049
v 1.598328 -0.116179 -0.105680
v 1.570544 -0.116000 -0.074157
v 1.556109 -0.116032 -0.060741
v 1.542263 -0.116083 -0.048942
v 1.530560 -0.116000 -0.038200
v 1.523761 -0.115978 -0.032680
v 1.500692 -0.116000 -0.015825
v 1.492965 -0.116103 -0.010380
v 1.484204 -0.116044 -0.004328
v 1.465500 -0.116058 0.006110
v 1.445260 -0.115986 0.017831
v 1.431514 -0.116011 0.025269
v 1.418783 -0.115992 0.032174
v 1.405559 -0.115972 0.039053
v 1.384171 -0.116000 0.050897
v 1.365670 -0.115983 0.058627
v 1.347703 -0.115975 0.065644
v 1.316655 -0.116000 0.079001
v 1.302740 -0.115986 0.084765
v 1.287809 -0.115967 0.090968
v 1.263364 -0.116000 0.100947
v 1.244191 -0.115983 0.107173
v 1.224262 -0.115964 0.113606
v 1.194162 -0.116000 0.124419
v 1.173143 -0.115994 0.129385
v 1.151312 -0.115975 0.135547
v 1.103531 -0.116044 0.148267
v 1.070344 -0.116000 0.156382
v 1.044134 -0.115976 0.163028
v 1.002825 -0.116000 0.174376
v 0.975621 -0.115970 0.181926
v 0.940493 -0.115941 0.189033
v 0.905099 -0.116000 0.195035
v 0.886751 -0.116000 0.197553
v 0.853384 -0.116000 0.202127
v 0.767339 -0.116000 0.419220
v 0.489733 -0.116000 0.418392
v 4.328856 -0.116000 0.609157
v 4.335234 -0.116000 0.593217
v 4.343030 -0.116000 0.576074
v 4.350826 -0.116000 0.558931
v 4.363423 -0.116000 0.531537
v 4.371024 -0.116000 0.515198
v 4.378624 -0.116000 0.498859
v 4.387606 -0.116000 0.477705
v 4.390982 -0.116000 0.468189
v 4.394358 -0.116000 0.458674
v 4.400270 -0.116000 0.446390
v 4.404121 -0.116000 0.440893
v 4.407972 -0.116000 0.435395
v 4.411122 -0.116000 0.428270
v 4.411122 -0.116000 0.425059
v 4.411122 -0.116000 0.421847
v 4.407523 -0.116000 0.419265
v 4.403124 -0.116000 0.419320
v 4.398726 -0.116000 0.419375
v 4.386618 -0.116000 0.423284
v 4.376218 -0.116000 0.428006
v 4.365819 -0.116000 0.432728
v 4.348996 -0.116000 0.444104
v 4.338834 -0.116000 0.453284
v 4.328672 -0.116000 0.462465
v 4.314163 -0.116000 0.479637
v 4.306593 -0.116000 0.491445
v 4.299022 -0.116000 0.503252
v 4.290720 -0.116000 0.522333
v 4.288144 -0.116000 0.533847
v 4.285088 -0.116000 0.547505
v 4.284983 -0.116000 0.560296
v 4.287842 -0.116000 0.570650
v 4.290252 -0.116000 0.579377
v 4.298653 -0.116000 0.593095
v 4.306511 -0.116000 0.601132
v 4.314370 -0.116000 0.609170
v 4.322612 -0.116000 0.615746
v 4.324827 -0.116000 0.615746
v 4.327043 -0.116000 0.615746
v 4.328856 -0.116000 0.613833
v 4.328856 -0.116000 0.611495
v 3.163265 -0.116000 0.394946
v 2.702335 -0.116000 0.402649
v 2.085809 -0.116000 0.400013
v 1.835449 -0.116000 0.398653
v 1.813510 -0.116000 0.387227
v 1.801384 -0.116000 0.380912
v 1.788154 -0.116000 0.369668
v 1.783933 -0.116000 0.362090
v 1.779733 -0.116000 0.354549
v 1.775893 -0.116000 0.347633
v 1.775400 -0.116000 0.346721
v 1.774907 -0.116000 0.345810
v 1.760373 -0.116000 0.354458
v 1.743101 -0.116000 0.365941
v 1.725829 -0.116000 0.377423
v 1.706187 -0.116000 0.388913
v 1.699454 -0.116000 0.391473
v 1.692720 -0.116000 0.394033
v 1.670466 -0.116000 0.400295
v 1.650001 -0.116000 0.405389
v 1.628271 -0.116000 0.410797
v 1.597660 -0.116000 0.414649
v 1.576417 -0.116000 0.414649
v 1.556411 -0.116000 0.414649
v 1.528415 -0.116000 0.411429
v 1.514202 -0.116000 0.407492
v 1.499990 -0.116000 0.403555
v 1.482192 -0.116000 0.398015
v 1.474651 -0.116000 0.395180
v 1.467109 -0.116000 0.392344
v 1.450470 -0.116000 0.382375
v 1.437675 -0.116000 0.373025
v 1.409097 -0.116000 0.342482
v 1.391403 -0.116000 0.311381
v 1.383605 -0.116000 0.284153
v 1.379556 -0.116000 0.263875
v 1.378565 -0.116000 0.242682
v 1.380137 -0.116000 0.216196
v 1.383327 -0.116000 0.191492
v 1.389838 -0.116000 0.168391
v 1.399029 -0.116000 0.149179
v 1.406743 -0.116000 0.133053
v 1.421696 -0.116000 0.109765
v 1.432259 -0.116000 0.097426
v 1.442821 -0.116000 0.085088
v 1.469534 -0.116000 0.063126
v 1.491622 -0.116000 0.048623
v 1.513709 -0.116000 0.034120
v 1.543170 -0.116000 0.017992
v 1.557089 -0.116000 0.012784
v 1.576197 -0.116000 0.005514
v 1.588542 -0.116000 0.001316
v 1.599100 -0.116000 -0.001647
v 1.608698 -0.116000 -0.004847
v 1.622151 -0.116000 -0.007709
v 1.641491 -0.116000 -0.013077
v 1.674179 -0.116000 -0.019531
v 1.721324 -0.116000 -0.021066
v 2.199057 -0.116000 -0.023537
v 2.061616 -0.116000 0.298915
v 2.256186 -0.116000 0.302675
v 2.343400 -0.116000 0.097008
v 2.226479 -0.116000 0.099262
v 2.248905 -0.116000 0.036628
v 2.271330 -0.116000 -0.009231
v 2.293038 -0.116000 -0.012486
v 2.304978 -0.116000 -0.014276
v 2.336092 -0.116000 -0.022962
v 2.362181 -0.116000 -0.031786
v 2.388270 -0.116000 -0.040611
v 2.424223 -0.116000 -0.055861
v 2.442077 -0.116000 -0.065675
v 2.459931 -0.116000 -0.075489
v 2.484024 -0.116000 -0.092246
v 2.495618 -0.116000 -0.102914
v 2.507212 -0.116000 -0.113581
v 2.528674 -0.116000 -0.135692
v 2.543310 -0.116000 -0.152048
v 2.557947 -0.116000 -0.168403
v 2.581394 -0.116000 -0.198753
v 2.595415 -0.116000 -0.219491
v 2.620908 -0.116000 -0.257197
v 2.693346 -0.116000 -0.257197
v 2.763129 -0.116000 -0.257197
v 2.765784 -0.116000 -0.256856
v 2.669806 -0.116000 -0.006994
v 2.685834 -0.116000 -0.005826
v 2.756317 -0.116000 -0.005826
v 2.827121 -0.116000 -0.005826
v 2.844072 -0.116000 -0.007070
v 2.849683 -0.116000 -0.012681
v 2.855468 -0.116000 -0.018466
v 2.877650 -0.116000 -0.019537
v 2.991692 -0.116000 -0.019537
v 3.107570 -0.116000 -0.019537
v 3.126844 -0.116000 -0.018579
v 3.126844 -0.116000 -0.012817
v 3.126844 -0.116000 -0.009121
v 3.013489 -0.116000 0.307437
v 3.222096 -0.116000 0.300390
v 3.225227 -0.116000 0.285536
v 3.226948 -0.116000 0.277367
v 3.231111 -0.116000 0.264512
v 3.234477 -0.116000 0.256971
v 3.237842 -0.116000 0.249430
v 3.244061 -0.116000 0.230920
v 3.248295 -0.116000 0.215838
v 3.252529 -0.116000 0.200756
v 3.262176 -0.116000 0.176075
v 3.269732 -0.116000 0.160993
v 3.277288 -0.116000 0.145911
v 3.292819 -0.116000 0.119174
v 3.304246 -0.116000 0.101578
v 3.315672 -0.116000 0.083982
v 3.337504 -0.116000 0.056496
v 3.352761 -0.116000 0.040499
v 3.368018 -0.116000 0.024501
v 3.392841 -0.116000 0.002612
v 3.407923 -0.116000 -0.008143
v 3.423005 -0.116000 -0.018898
v 3.448714 -0.116000 -0.034883
v 3.465053 -0.116000 -0.043665
v 3.481392 -0.116000 -0.052447
v 3.504015 -0.116000 -0.062283
v 3.515327 -0.116000 -0.065522
v 3.526639 -0.116000 -0.068761
v 3.538136 -0.116000 -0.073087
v 3.540876 -0.116000 -0.075135
v 3.543616 -0.116000 -0.077183
v 3.566240 -0.116000 -0.083242
v 3.591150 -0.116000 -0.088600
v 3.616061 -0.116000 -0.093958
v 3.646726 -0.116000 -0.100103
v 3.659294 -0.116000 -0.102255
v 3.671863 -0.116000 -0.104408
v 3.726365 -0.116000 -0.107515
v 3.780409 -0.116000 -0.109161
v 3.844045 -0.116000 -0.111098
v 3.894778 -0.116000 -0.110314
v 3.924376 -0.116000 -0.106934
v 3.949514 -0.116000 -0.104063
v 3.984694 -0.116000 -0.096835
v 4.002555 -0.116000 -0.090871
v 4.020417 -0.116000 -0.084907
v 4.040983 -0.116000 -0.076330
v 4.048259 -0.116000 -0.071811
v 4.055535 -0.116000 -0.067292
v 4.068353 -0.116000 -0.057281
v 4.076742 -0.116000 -0.049564
v 4.085132 -0.116000 -0.041847
v 4.096255 -0.116000 -0.027307
v 4.101460 -0.116000 -0.017252
v 4.107363 -0.116000 -0.005846
v 4.111715 -0.116000 0.013165
v 4.113030 -0.116000 0.033296
v 4.114848 -0.116000 0.061118
v 4.113518 -0.116000 0.068986
v 4.103373 -0.116000 0.090431
v 4.096902 -0.116000 0.104109
v 4.083802 -0.116000 0.122620
v 4.074263 -0.116000 0.131565
v 4.064723 -0.116000 0.140510
v 4.045212 -0.116000 0.154473
v 4.030904 -0.116000 0.162592
v 4.016597 -0.116000 0.170712
v 3.990889 -0.116000 0.180536
v 3.973775 -0.116000 0.184424
v 3.956661 -0.116000 0.188312
v 3.931346 -0.116000 0.192495
v 3.917521 -0.116000 0.193720
v 3.901042 -0.116000 0.195181
v 3.879420 -0.116000 0.192805
v 3.854748 -0.116000 0.186824
v 3.834048 -0.116000 0.181806
v 3.807692 -0.116000 0.172996
v 3.796178 -0.116000 0.167246
v 3.784665 -0.116000 0.161496
v 3.767054 -0.116000 0.149780
v 3.757043 -0.116000 0.141211
v 3.747032 -0.116000 0.132642
v 3.732789 -0.116000 0.115078
v 3.725390 -0.116000 0.102179
v 3.713500 -0.116000 0.081447
v 3.711934 -0.116000 0.074351
v 3.711896 -0.116000 0.041021
v 3.711854 -0.116000 0.003315
v 3.697690 -0.116000 0.003315
v 3.689901 -0.116000 0.003315
v 3.676018 -0.116000 0.006797
v 3.666841 -0.116000 0.011053
v 3.657663 -0.116000 0.015309
v 3.634516 -0.116000 0.034334
v 3.615402 -0.116000 0.053329
v 3.582031 -0.116000 0.086496
v 3.578552 -0.116000 0.092084
v 3.527762 -0.116000 0.194127
v 3.474895 -0.116000 0.300350
v 3.486361 -0.116000 0.303269
v 3.492679 -0.116000 0.304855
v 4.045492 -0.116000 0.300390
v 4.045492 -0.116000 0.287817
v 4.045492 -0.116000 0.280902
v 4.176647 -0.116000 -0.021822
v 4.413638 -0.116000 -0.023902
v 4.452256 -0.116000 -0.022810
v 4.452256 -0.116000 -0.019135
v 4.452256 -0.116000 -0.016327
v 4.315022 -0.116000 0.300390
v 4.460581 -0.116000 0.300390
v 4.469719 -0.116000 0.280966
v 4.600739 -0.116000 -0.024107
v 4.737231 -0.116000 -0.024107
v 4.873722 -0.116000 -0.024107
v 4.740514 -0.116000 0.298105
v 5.038265 -0.116000 0.300485
v 5.041835 -0.116000 0.300729
v 5.041835 -0.116000 0.309632
v 5.041835 -0.116000 0.314647
v 5.035818 -0.116000 0.327058
v 5.028462 -0.116000 0.337211
v 5.021108 -0.116000 0.347365
v 5.010310 -0.116000 0.359295
v 5.004468 -0.116000 0.363722
v 4.998626 -0.116000 0.368150
v 4.986220 -0.116000 0.376158
v 4.976899 -0.116000 0.381518
v 4.967577 -0.116000 0.386878
v 4.948175 -0.116000 0.393440
v 4.933784 -0.116000 0.396101
v 4.919391 -0.116000 0.398762
v 4.861204 -0.116000 0.400948
v 4.804479 -0.116000 0.400959
v 4.701342 -0.116000 0.400980
v 4.676701 -0.116000 0.449545
v 4.663149 -0.116000 0.476256
v 4.638189 -0.116000 0.518966
v 4.621236 -0.116000 0.544457
v 4.603918 -0.116000 0.570494
v 4.576489 -0.116000 0.603935
v 4.558641 -0.116000 0.620773
v 4.541167 -0.116000 0.637257
v 4.514710 -0.116000 0.658124
v 4.499847 -0.116000 0.667144
v 4.484983 -0.116000 0.676165
v 4.458876 -0.116000 0.688789
v 4.441830 -0.116000 0.695199
v 4.424785 -0.116000 0.701608
v 4.392906 -0.116000 0.709247
v 4.370989 -0.116000 0.712176
v 4.348606 -0.116000 0.715167
v 4.310760 -0.116000 0.716355
v 4.284640 -0.116000 0.714888
v 4.251667 -0.116000 0.713036
v 4.231058 -0.116000 0.709326
v 4.213799 -0.116000 0.702134
v 4.200412 -0.116000 0.696556
v 4.180408 -0.116000 0.685142
v 4.169346 -0.116000 0.676770
v 4.158285 -0.116000 0.668397
v 4.144493 -0.116000 0.654569
v 4.138698 -0.116000 0.646041
v 4.132903 -0.116000 0.637513
v 4.125733 -0.116000 0.620893
v 4.122766 -0.116000 0.609106
v 4.119589 -0.116000 0.596491
v 4.118353 -0.116000 0.572301
v 4.119760 -0.116000 0.550295
v 4.121642 -0.116000 0.520864
v 4.125257 -0.116000 0.506442
v 4.136753 -0.116000 0.482491
v 4.144785 -0.116000 0.465759
v 4.162126 -0.116000 0.440861
v 4.175288 -0.116000 0.427162
v 4.188451 -0.116000 0.413463
v 4.202166 -0.116000 0.401093
v 4.205765 -0.116000 0.399672
v 4.209365 -0.116000 0.398252
v 4.199628 -0.116000 0.396927
v 3.427097 -0.116000 0.400060
v 3.241892 -0.116000 0.863285
v 3.238226 -0.116000 0.871934
v 3.235607 -0.116000 0.875090
v 3.231986 -0.116000 0.879452
v 3.199157 -0.116000 0.880829
v 3.098719 -0.116000 0.880829
v 2.985175 -0.116000 0.880829
v 2.966222 -0.116000 0.879859
v 2.963949 -0.116000 0.873936
v 2.962494 -0.116000 0.870145
v 2.964692 -0.116000 0.859905
v 2.968832 -0.116000 0.851180
v 2.906806 -0.116000 -0.229070
v 2.896454 -0.116000 -0.226344
v 2.886499 -0.116000 -0.222064
v 2.877325 -0.116000 -0.215113
v 2.869284 -0.116000 -0.205758
v 2.862685 -0.116000 -0.194359
v 2.857781 -0.116000 -0.181354
v 2.854761 -0.116000 -0.167243
v 2.853742 -0.116000 -0.152569
v 2.854761 -0.116000 -0.137894
v 2.857781 -0.116000 -0.123783
v 2.862685 -0.116000 -0.110778
v 2.869284 -0.116000 -0.099379
v 2.877325 -0.116000 -0.090024
v 2.886499 -0.116000 -0.083073
v 2.896454 -0.116000 -0.078793
v 2.905846 -0.116000 -0.074786
v 2.915688 -0.116000 -0.071959
v 2.933569 -0.116000 -0.069592
v 2.933569 -0.116000 -0.232877
v 2.919156 -0.116000 -0.231311
v 2.902225 -0.116000 -0.177570
v 2.898817 -0.116000 -0.176672
v 2.895540 -0.116000 -0.175263
v 2.892519 -0.116000 -0.172974
v 2.889872 -0.116000 -0.169895
v 2.887699 -0.116000 -0.166142
v 2.886084 -0.116000 -0.161860
v 2.885090 -0.116000 -0.157214
v 2.884754 -0.116000 -0.152383
v 2.885090 -0.116000 -0.147551
v 2.886084 -0.116000 -0.142906
v 2.887699 -0.116000 -0.138624
v 2.889872 -0.116000 -0.134871
v 2.892519 -0.116000 -0.131791
v 2.895540 -0.116000 -0.129503
v 2.898817 -0.116000 -0.128093
v 2.901909 -0.116000 -0.126774
v 2.905149 -0.116000 -0.125843
v 2.911036 -0.116000 -0.125064
v 2.911036 -0.116000 -0.178823
v 2.906291 -0.116000 -0.178307
v 3.070952 -0.116000 -0.240159
v 3.056183 -0.116000 -0.245289
v 3.041269 -0.116000 -0.248507
v 3.026784 -0.116000 -0.249691
v 3.015590 -0.116000 -0.250332
v 3.002827 -0.116000 -0.250079
v 2.990108 -0.116000 -0.249046
v 2.975513 -0.116000 -0.247036
v 2.965102 -0.116000 -0.242383
v 2.965597 -0.116000 -0.236550
v 3.003373 -0.116000 -0.218965
v 3.115005 -0.116000 -0.163841
v 3.123159 -0.116000 -0.161788
v 3.130392 -0.116000 -0.164087
v 3.131550 -0.116000 -0.173060
v 3.129179 -0.116000 -0.184791
v 3.120919 -0.116000 -0.200827
v 3.108876 -0.116000 -0.215594
v 3.097815 -0.116000 -0.225021
v 3.085010 -0.116000 -0.233315
v 2.945199 -0.116000 -0.063165
v 2.944721 -0.116000 -0.056466
v 2.947553 -0.116000 -0.051134
v 2.956999 -0.116000 -0.043371
v 2.974291 -0.116000 -0.040477
v 2.990135 -0.116000 -0.040480
v 3.005074 -0.116000 -0.040958
v 3.019893 -0.116000 -0.042866
v 3.035249 -0.116000 -0.045156
v 3.045928 -0.116000 -0.048228
v 3.057769 -0.116000 -0.051239
v 3.068870 -0.116000 -0.055181
v 3.080754 -0.116000 -0.060969
v 3.093408 -0.116000 -0.068289
v 3.118847 -0.116000 -0.085237
v 3.126871 -0.116000 -0.092470
v 3.131574 -0.116000 -0.099554
v 3.137194 -0.116000 -0.106038
v 3.140810 -0.116000 -0.118028
v 3.139654 -0.116000 -0.126684
v 3.138408 -0.116000 -0.131291
v 3.135763 -0.116000 -0.138112
v 3.131316 -0.116000 -0.142735
v 3.124027 -0.116000 -0.144287
v 3.106662 -0.116000 -0.076960
v 1.650428 -0.116000 -0.280410
v 1.649442 -0.116000 -0.291111
v 1.648056 -0.116000 -0.300875
vn 0.0001 1.0000 0.0001
vn -0.0000 1.0000 -0.0000
vn -0.0001 -1.0000 -0.0001
vn -0.0000 -1.0000 -0.0000
vn -0.0002 -0.0000 -1.0000
vn 0.6350 -0.0000 -0.7725
vn 0.8832 -0.0000 -0.4691
vn 0.9975 -0.0000 0.0710
vn 0.1651 -0.0000 -0.9863
vn -0.4377 -0.0000 0.8991
vn -0.5436 -0.0000 0.8393
vn -0.7750 -0.0000 0.6320
vn -0.8890 -0.0000 0.4579
vn -0.9802 -0.0000 0.1981
vn -0.3029 -0.0000 -0.9530
vn 0.2441 -0.0000 -0.9697
vn 0.4428 -0.0000 -0.8966
vn 0.4220 -0.0000 -0.9066
vn 0.9964 -0.0000 -0.0846
vn 0.0809 -0.0000 0.9967
vn 0.0198 -0.0000 0.9998
vn -0.0571 -0.0000 0.9984
vn -0.0815 -0.0000 0.9967
vn -0.2110 -0.0000 0.9775
vn -0.3281 -0.0000 0.9446
vn -0.5475 -0.0000 -0.8368
vn -0.5619 -0.0000 -0.8272
vn 0.4131 -0.0000 0.9107
vn -0.2082 -0.0000 0.9781
vn -0.7207 -0.0000 0.6933
vn -0.9323 -0.0000 0.3616
vn -0.9654 -0.0000 0.2609
vn -0.9912 -0.0000 0.1324
vn -0.9574 -0.0000 -0.2887
vn -0.7557 -0.0000 -0.6549
vn -0.8331 -0.0000 -0.5531
vn -0.5007 -0.0000 -0.8656
vn -0.4378 -0.0000 -0.8991
vn -0.2464 -0.0000 -0.9692
vn -0.2764 -0.0000 -0.9610
vn -0.1475 -0.0000 -0.9891
vn -0.1277 -0.0000 -0.9918
vn -0.0319 -0.0000 -0.9995
vn -0.9229 -0.0000 -0.3851
vn -0.0272 -0.0000 0.9996
vn -0.0000 -0.0000 1.0000
vn 0.9394 -0.0000 0.3428
vn 1.0000 -0.0000 -0.0000
vn 0.9556 -0.0000 -0.2948
vn 0.8191 -0.0000 -0.5737
vn 0.5260 -0.0000 -0.8505
vn 0.3666 -0.0000 -0.9304
vn 0.3051 -0.0000 -0.9523
vn 0.1624 -0.0000 -0.9867
vn 0.1625 -0.0000 -0.9867
vn 0.0831 -0.0000 -0.9965
vn 0.0334 -0.0000 -0.9994
vn -0.7071 -0.0000 0.7071
vn 0.4583 -0.0000 0.8888
vn 0.5284 -0.0000 0.8490
vn 0.4446 -0.0000 0.8957
vn 0.3638 -0.0000 0.9315
vn 0.2275 -0.0000 0.9738
vn 0.1825 -0.0000 0.9832
vn 0.1512 -0.0000 0.9885
vn 0.0875 -0.0000 0.9962
vn 0.0072 -0.0000 1.0000
vn -0.0590 -0.0000 0.9983
vn 0.2390 -0.0000 0.9710
vn 0.9562 -0.0000 0.2927
vn 0.9249 -0.0000 0.3802
vn 0.0066 -0.0000 -1.0000
vn -0.9286 -0.0000 -0.3710
vn -1.0000 -0.0000 -0.0000
vn -0.0032 -0.0000 -1.0000
vn 0.9193 -0.0000 0.3935
vn 0.9800 -0.0000 0.1988
vn 0.6512 -0.0000 -0.7589
vn -0.0805 0.0001 -0.9968
vn -0.1506 0.0001 -0.9886
vn -0.2465 0.0001 -0.9691
vn -0.2885 0.0001 -0.9575
vn -0.2734 0.0001 -0.9619
vn -0.2988 0.0001 -0.9543
vn -0.2847 0.0001 -0.9586
vn -0.3104 0.0001 -0.9506
vn -0.2637 0.0001 -0.9646
vn -0.3822 0.0001 -0.9241
vn -0.4591 0.0001 -0.8884
vn -0.4971 0.0001 -0.8677
vn -0.5575 0.0001 -0.8302
vn -0.6227 0.0001 -0.7825
vn -0.6272 0.0001 -0.7789
vn -0.6327 0.0001 -0.7744
vn -0.7409 0.0001 -0.6716
vn -0.7135 0.0001 -0.7007
vn -0.7135 0.0001 -0.7006
vn -0.7454 0.0001 -0.6667
vn -0.8238 0.0001 -0.5669
vn -0.8649 0.0001 -0.5020
vn -0.8955 0.0001 -0.4451
vn -0.9513 0.0001 -0.3082
vn -0.9806 0.0001 -0.1961
vn -0.9978 0.0001 -0.0657
vn -1.0000 0.0001 0.0022
vn -0.9973 0.0001 0.0732
vn -0.9331 0.0001 0.3597
vn -0.7711 -0.0000 0.6368
vn -0.7610 -0.0000 0.6487
vn -0.5879 -0.0000 0.8090
vn -0.3917 -0.0000 0.9201
vn -0.4447 -0.0000 0.8957
vn -0.1279 -0.0001 0.9918
vn -0.0766 -0.0001 0.9971
vn -0.0026 -0.0001 1.0000
vn -0.8005 0.0001 -0.5993
vn -0.0000 0.0001 -1.0000
vn 0.0108 0.0001 -0.9999
vn 0.1009 0.0001 -0.9949
vn 0.1301 0.0001 -0.9915
vn 0.2017 -0.0000 -0.9794
vn 0.2240 -0.0000 -0.9746
vn 0.3156 -0.0000 -0.9489
vn 0.3549 -0.0000 -0.9349
vn 0.3093 -0.0000 -0.9510
vn 0.3377 -0.0000 -0.9413
vn 0.3993 -0.0000 -0.9168
vn 0.4991 -0.0000 -0.8665
vn 0.5484 -0.0000 -0.8362
vn 0.6285 -0.0000 -0.7778
vn 0.7197 -0.0000 -0.6943
vn 0.7733 -0.0000 -0.6340
vn 0.8444 -0.0000 -0.5357
vn 0.9301 -0.0001 -0.3673
vn 1.0000 -0.0001 -0.0086
vn 0.9992 -0.0001 0.0396
vn 0.9968 -0.0001 0.0797
vn 0.9936 -0.0001 0.1130
vn 0.9687 -0.0001 0.2483
vn 0.8957 -0.0001 0.4446
vn 0.8281 -0.0001 0.5605
vn 0.7502 -0.0001 0.6612
vn 0.6808 -0.0001 0.7325
vn 0.6486 -0.0001 0.7611
vn 0.6762 -0.0001 0.7367
vn 0.6302 -0.0001 0.7764
vn 0.5761 -0.0001 0.8174
vn 0.5683 -0.0001 0.8228
vn 0.4873 -0.0001 0.8732
vn 0.5011 -0.0001 0.8654
vn 0.4759 -0.0001 0.8795
vn 0.4768 -0.0001 0.8790
vn 0.4614 -0.0001 0.8872
vn 0.4845 -0.0001 0.8748
vn 0.3855 -0.0001 0.9227
vn 0.3638 -0.0001 0.9315
vn 0.3952 -0.0001 0.9186
vn 0.3827 -0.0001 0.9239
vn 0.3836 -0.0001 0.9235
vn 0.3780 -0.0001 0.9258
vn 0.3089 -0.0001 0.9511
vn 0.3072 -0.0001 0.9517
vn 0.3381 -0.0001 0.9411
vn 0.2299 -0.0001 0.9732
vn 0.2717 -0.0001 0.9624
vn 0.2572 -0.0001 0.9663
vn 0.2375 -0.0001 0.9714
vn 0.2458 -0.0001 0.9693
vn 0.2649 -0.0001 0.9643
vn 0.2674 -0.0001 0.9636
vn 0.1983 -0.0001 0.9801
vn 0.1672 -0.0001 0.9859
vn 0.1358 -0.0001 0.9907
vn 0.1357 -0.0000 0.9907
vn 0.9296 -0.0000 0.3685
vn -0.0030 -0.0000 1.0000
vn -0.9190 -0.0000 -0.3944
vn -0.9284 -0.0000 -0.3715
vn -0.9103 -0.0000 -0.4140
vn -0.9085 -0.0000 -0.4178
vn -0.9067 -0.0000 -0.4218
vn -0.9205 -0.0000 -0.3908
vn -0.9424 -0.0000 -0.3344
vn -0.9010 -0.0000 -0.4337
vn -0.8191 -0.0000 -0.5737
vn -0.9146 -0.0000 -0.4044
vn -0.5829 -0.0000 0.8125
vn 0.0126 -0.0000 0.9999
vn 0.0125 -0.0000 0.9999
vn 0.3072 -0.0000 0.9516
vn 0.4135 -0.0000 0.9105
vn 0.5601 -0.0000 0.8284
vn 0.6704 -0.0000 0.7420
vn 0.7639 -0.0000 0.6454
vn 0.8418 -0.0000 0.5398
vn 0.9170 -0.0000 0.3990
vn 0.9759 -0.0000 0.2183
vn 1.0000 -0.0000 0.0082
vn 0.9639 -0.0000 -0.2661
vn 0.9639 -0.0000 -0.2662
vn 0.8528 -0.0000 -0.5223
vn 0.7150 -0.0000 -0.6991
vn 0.6237 -0.0000 -0.7817
vn -0.0000 -0.0000 -1.0000
vn -0.7259 -0.0000 -0.6878
vn 0.0167 -0.0000 0.9999
vn -0.0043 -0.0000 1.0000
vn -0.0054 -0.0000 1.0000
vn -0.4619 -0.0000 0.8869
vn -0.6476 -0.0000 0.7620
vn -0.8736 -0.0000 0.4866
vn -0.8743 -0.0000 0.4854
vn -0.8797 -0.0000 0.4755
vn -0.8797 -0.0000 0.4754
vn 0.5114 -0.0000 0.8594
vn 0.5536 -0.0000 0.8328
vn 0.5049 -0.0000 0.8632
vn 0.3554 -0.0000 0.9347
vn 0.2709 -0.0000 0.9626
vn 0.2415 -0.0000 0.9704
vn 0.1249 -0.0000 0.9922
vn -0.1143 -0.0000 0.9934
vn -0.2669 -0.0000 0.9637
vn -0.2972 -0.0000 0.9548
vn -0.3519 -0.0000 0.9360
vn -0.5140 -0.0000 0.8578
vn -0.5900 -0.0000 0.8074
vn -0.7302 -0.0000 0.6832
vn -0.8692 -0.0000 0.4945
vn -0.9613 -0.0000 0.2753
vn -0.9806 -0.0000 0.1958
vn -0.9989 -0.0000 0.0467
vn -0.9982 -0.0000 -0.0593
vn -0.9918 -0.0000 -0.1280
vn -0.9625 -0.0000 -0.2713
vn -0.9021 -0.0000 -0.4315
vn -0.8415 -0.0000 -0.5403
vn -0.7597 -0.0000 -0.6503
vn -0.6351 -0.0000 -0.7725
vn -0.5489 -0.0000 -0.8359
vn -0.4802 -0.0000 -0.8772
vn -0.3504 -0.0000 -0.9366
vn -0.3556 -0.0000 -0.9346
vn -0.3220 -0.0000 -0.9467
vn -0.2702 -0.0000 -0.9628
vn -0.3163 -0.0000 -0.9487
vn -0.2081 -0.0000 -0.9781
vn -0.2675 -0.0000 -0.9636
vn -0.1937 -0.0000 -0.9811
vn -0.0325 -0.0000 -0.9995
vn -0.0052 -0.0000 -1.0000
vn 0.9199 -0.0000 0.3921
vn 0.0193 -0.0000 -0.9998
vn -0.9206 -0.0000 -0.3904
vn 0.0193 -0.0000 0.9998
vn -0.9415 -0.0000 -0.3371
vn -0.8983 -0.0000 -0.4393
vn -0.1483 -0.0000 -0.9889
vn -0.2689 -0.0000 -0.9632
vn -0.3204 -0.0000 -0.9473
vn -0.3905 -0.0000 -0.9206
vn -0.4817 -0.0000 -0.8763
vn -0.5710 -0.0000 -0.8210
vn -0.6771 -0.0000 -0.7359
vn -0.7176 -0.0000 -0.6965
vn -0.7452 -0.0000 -0.6669
vn -0.7913 -0.0000 -0.6114
vn -0.8284 -0.0000 -0.5601
vn 0.1272 -0.0000 -0.9919
vn 0.9335 -0.0000 0.3586
vn 0.0727 -0.0000 -0.9974
vn -0.0732 -0.0000 -0.9973
vn -0.7071 -0.0000 -0.7071
vn -0.0482 -0.0000 -0.9988
vn 0.0497 -0.0000 -0.9988
vn 0.9415 -0.0000 0.3371
vn -0.0338 -0.0000 -0.9994
vn -0.9785 -0.0000 -0.2062
vn -0.9514 -0.0000 -0.3081
vn -0.9132 -0.0000 -0.4076
vn -0.9479 -0.0000 -0.3184
vn -0.9628 -0.0000 -0.2703
vn -0.9314 -0.0000 -0.3641
vn -0.8941 -0.0000 -0.4479
vn -0.8647 -0.0000 -0.5023
vn -0.8387 -0.0000 -0.5446
vn -0.7830 -0.0000 -0.6220
vn -0.7237 -0.0000 -0.6902
vn -0.6614 -0.0000 -0.7500
vn -0.5806 -0.0000 -0.8142
vn -0.5280 -0.0000 -0.8492
vn -0.4734 -0.0000 -0.8808
vn -0.3987 -0.0000 -0.9171
vn -0.2753 -0.0000 -0.9614
vn -0.3522 -0.0000 -0.9359
vn -0.5986 -0.0000 -0.8010
vn -0.2587 -0.0000 -0.9660
vn -0.2103 -0.0000 -0.9776
vn -0.1965 -0.0000 -0.9805
vn -0.1688 -0.0000 -0.9856
vn -0.0569 -0.0000 -0.9984
vn -0.0304 -0.0000 -0.9995
vn 0.0155 -0.0000 -0.9999
vn 0.1135 -0.0000 -0.9935
vn 0.2013 -0.0000 -0.9795
vn 0.3167 -0.0000 -0.9485
vn 0.3849 -0.0000 -0.9230
vn 0.5276 -0.0000 -0.8495
vn 0.6156 -0.0000 -0.7881
vn 0.6770 -0.0000 -0.7360
vn 0.7943 -0.0000 -0.6076
vn 0.8881 -0.0000 -0.4597
vn 0.9748 -0.0000 -0.2231
vn 0.9979 -0.0000 -0.0652
vn 0.9860 -0.0000 0.1667
vn 0.9040 -0.0000 0.4276
vn 0.9039 -0.0000 0.4276
vn 0.8163 -0.0000 0.5777
vn 0.6840 -0.0000 0.7295
vn 0.5819 -0.0000 0.8132
vn 0.4936 -0.0000 0.8697
vn 0.3570 -0.0000 0.9341
vn 0.2215 -0.0000 0.9752
vn 0.1630 -0.0000 0.9866
vn 0.0883 -0.0000 0.9961
vn -0.1092 -0.0000 0.9940
vn -0.2356 -0.0000 0.9719
vn -0.3170 -0.0000 0.9484
vn -0.4468 -0.0000 0.8946
vn -0.5539 -0.0000 0.8326
vn -0.6503 -0.0000 0.7597
vn -0.7767 -0.0000 0.6299
vn -0.8674 -0.0000 0.4975
vn -0.8675 -0.0000 0.4975
vn -0.9765 -0.0000 0.2155
vn -1.0000 -0.0000 0.0011
vn 0.2433 -0.0000 0.9700
vn 0.4207 -0.0000 0.9072
vn 0.6349 -0.0000 0.7726
vn 0.7049 -0.0000 0.7093
vn 0.8490 -0.0000 0.5284
vn 0.8952 -0.0000 0.4456
vn 0.8953 -0.0000 0.4456
vn 0.2467 -0.0000 -0.9691
vn 0.2434 -0.0000 -0.9699
vn -0.0081 -0.0000 -1.0000
vn -0.9176 -0.0000 -0.3975
vn -0.0088 -0.0000 -1.0000
vn 0.0283 -0.0000 -0.9996
vn 0.9176 -0.0000 0.3976
vn -0.9049 -0.0000 -0.4257
vn -0.9188 -0.0000 -0.3946
vn 0.9241 -0.0000 0.3821
vn 0.0080 -0.0000 -1.0000
vn 0.0684 -0.0000 -0.9977
vn 0.8998 -0.0000 0.4363
vn 0.8098 -0.0000 0.5866
vn 0.8098 -0.0000 0.5867
vn 0.7414 -0.0000 0.6710
vn 0.6040 -0.0000 0.7970
vn 0.5423 -0.0000 0.8402
vn 0.4985 -0.0000 0.8669
vn 0.3204 -0.0000 0.9473
vn 0.1818 -0.0000 0.9833
vn 0.0375 -0.0000 0.9993
vn 0.0002 -0.0000 1.0000
vn 0.8918 -0.0000 0.4525
vn 0.8634 -0.0000 0.5045
vn 0.8327 -0.0000 0.5538
vn 0.8326 -0.0000 0.5538
vn 0.7732 -0.0000 0.6342
vn 0.6862 -0.0000 0.7274
vn 0.6193 -0.0000 0.7852
vn 0.5188 -0.0000 0.8549
vn 0.4353 -0.0000 0.9003
vn 0.3519 -0.0000 0.9360
vn 0.2331 -0.0000 0.9725
vn 0.1324 -0.0000 0.9912
vn 0.0314 -0.0000 0.9995
vn -0.0561 -0.0000 0.9984
vn -0.1772 -0.0000 0.9842
vn -0.3846 -0.0000 0.9231
vn -0.4956 -0.0000 0.8686
vn -0.6035 -0.0000 0.7974
vn -0.6035 -0.0000 0.7973
vn -0.7080 -0.0000 0.7062
vn -0.8271 -0.0000 0.5620
vn -0.9182 -0.0000 0.3961
vn -0.9697 -0.0000 0.2442
vn -0.9987 -0.0000 0.0510
vn -0.9980 -0.0000 -0.0638
vn -0.9700 -0.0000 -0.2431
vn -0.9015 -0.0000 -0.4327
vn -0.8206 -0.0000 -0.5715
vn -0.7211 -0.0000 -0.6929
vn -0.6698 -0.0000 -0.7426
vn -0.3670 -0.0000 -0.9302
vn -0.1348 -0.0000 0.9909
vn 0.0041 -0.0000 1.0000
vn 0.9285 -0.0000 0.3712
vn 0.9207 -0.0000 0.3902
vn 0.7695 -0.0000 0.6386
vn 0.0419 -0.0000 0.9991
vn -0.0511 -0.0000 0.9987
vn -0.9336 -0.0000 0.3583
vn -0.9777 -0.0000 -0.2098
vn -0.9034 -0.0000 -0.4287
vn -0.9199 -0.0000 -0.3921
vn 0.5900 -0.0001 0.8074
vn 0.9553 -0.0001 -0.2957
vn -0.3347 -0.0000 -0.9423
vn -0.6486 -0.0000 0.7611
vn -0.6695 -0.0000 -0.7428
vn 0.4080 -0.0000 0.9130
vn 0.1364 -0.0000 0.9906
vn -0.2546 -0.0000 -0.9670
vn -0.3950 -0.0000 -0.9187
vn -0.6039 -0.0000 -0.7971
vn -0.7583 -0.0000 -0.6519
vn -0.8654 -0.0000 -0.5010
vn -0.9357 -0.0000 -0.3528
vn -0.9779 -0.0000 -0.2093
vn -0.9976 -0.0000 -0.0693
vn -0.9976 -0.0000 0.0693
vn -0.9779 -0.0000 0.2093
vn -0.9357 -0.0000 0.3528
vn -0.8654 -0.0000 0.5010
vn -0.7583 -0.0000 0.6519
vn -0.6039 -0.0000 0.7970
vn -0.3950 -0.0000 0.9187
vn -0.3924 -0.0000 0.9198
vn -0.2761 -0.0000 0.9611
vn -0.1312 -0.0000 0.9914
vn -0.1080 -0.0000 -0.9941
vn -0.1785 -0.0000 -0.9839
vn 0.2546 -0.0000 0.9670
vn 0.3950 -0.0000 0.9187
vn 0.6039 -0.0000 0.7970
vn 0.7583 -0.0000 0.6519
vn 0.8654 -0.0000 0.5010
vn 0.9357 -0.0000 0.3528
vn 0.9779 -0.0000 0.2093
vn 0.9976 -0.0000 0.0693
vn 0.9976 -0.0000 -0.0693
vn 0.9779 -0.0000 -0.2093
vn 0.9357 -0.0000 -0.3528
vn 0.8654 -0.0000 -0.5010
vn 0.7583 -0.0000 -0.6519
vn 0.6039 -0.0000 -0.7970
vn 0.3950 -0.0000 -0.9187
vn 0.3924 -0.0000 -0.9198
vn 0.2761 -0.0000 -0.9611
vn 0.1312 -0.0000 -0.9914
vn 0.1080 -0.0000 0.9941
vn 0.1785 -0.0000 0.9839
vn 0.3281 -0.0000 -0.9446
vn 0.2110 -0.0000 -0.9775
vn 0.0815 -0.0000 -0.9967
vn 0.0571 -0.0000 -0.9984
vn -0.0198 -0.0000 -0.9998
vn -0.0809 -0.0000 -0.9967
vn -0.1364 -0.0000 -0.9906
vn -0.4080 -0.0000 -0.9130
vn -0.9964 -0.0000 0.0846
vn -0.4220 -0.0000 0.9066
vn -0.4428 -0.0000 0.8966
vn -0.2441 -0.0000 0.9697
vn 0.3029 -0.0000 0.9530
vn 0.9802 -0.0000 -0.1981
vn 0.9918 -0.0000 0.1280
vn 0.8890 -0.0000 -0.4579
vn 0.7750 -0.0000 -0.6320
vn 0.6486 -0.0000 -0.7611
vn 0.5437 -0.0000 -0.8393
vn 0.4377 -0.0000 -0.8991
vn -0.9975 -0.0000 -0.0711
vn -0.8832 -0.0000 0.4691
vn -0.6350 -0.0000 0.7725
vn -0.1651 -0.0000 0.9863
vn 0.0319 -0.0000 0.9995
vn 0.1277 -0.0000 0.9918
vn 0.1475 -0.0000 0.9891
vn 0.2764 -0.0000 0.9610
vn 0.2464 -0.0000 0.9692
vn 0.3347 -0.0000 0.9423
vn 0.4378 -0.0000 0.8991
vn 0.5007 -0.0000 0.8656
vn 0.6695 -0.0000 0.7428
vn 0.8331 -0.0000 0.5531
vn 0.7557 -0.0000 0.6549
vn 0.9574 -0.0000 0.2887
vn 0.9912 -0.0000 -0.1324
vn 0.9653 -0.0000 -0.2610
vn 0.9324 -0.0000 -0.3615
vn 0.7207 -0.0000 -0.6933
vn 0.2082 -0.0000 -0.9781
vn -0.4131 -0.0000 -0.9107
vn 0.5619 -0.0000 0.8272
vn 0.5475 -0.0000 0.8368
vn 0.9991 -0.0001 -0.0430
vn 0.9958 -0.0001 -0.0917
vn 0.9901 -0.0001 -0.1406
vt 0.000000 0.000000
s 0
usemtl Material.002
f 166/1/1 165/1/1 164/1/1 163/1/1 162/1/1 161/1/1 160/1/1 159/1/1 158/1/1 157/1/1 156/1/1 155/1/1 154/1/1 153/1/1 152/1/1 616/1/1 617/1/1 618/1/1 151/1/1 150/1/1 149/1/1 148/1/1 147/1/1 146/1/1 145/1/1 144/1/1 143/1/1 142/1/1 141/1/1 140/1/1 139/1/1 138/1/1 137/1/1 136/1/1 135/1/1 134/1/1 133/1/1 132/1/1 131/1/1 130/1/1 129/1/1 128/1/1 127/1/1 126/1/1 125/1/1 124/1/1 123/1/1 122/1/1 121/1/1 120/1/1 119/1/1 118/1/1 117/1/1 116/1/1 115/1/1 114/1/1 113/1/1 112/1/1 111/1/1 110/1/1 109/1/1 108/1/1 107/1/1 106/1/1 105/1/1 104/1/1 103/1/1 102/1/1 101/1/1 100/1/1 99/1/1 98/1/1 97/1/1 96/1/1 95/1/1 94/1/1 93/1/1 92/1/1 91/1/1 90/1/1 89/1/1 88/1/1 192/1/1 191/1/1 190/1/1 189/1/1 188/1/1 187/1/1 186/1/1 185/1/1 184/1/1 183/1/1 182/1/1 181/1/1 180/1/1 179/1/1 178/1/1 177/1/1 176/1/1 175/1/1 174/1/1 173/1/1 172/1/1 171/1/1 170/1/1 169/1/1 168/1/1 167/1/1
f 195/1/2 194/1/2 193/1/2 192/1/2 88/1/2 87/1/2 86/1/2 85/1/2 84/1/2
f 49/1/2 293/1/2 292/1/2
f 285/1/2 284/1/2 49/1/2
f 286/1/2 285/1/2 49/1/2
f 287/1/2 286/1/2 49/1/2
f 52/1/2 264/1/2 263/1/2
f 48/1/2 47/1/2 295/1/2
f 49/1/2 289/1/2 288/1/2 287/1/2
f 49/1/2 48/1/2 295/1/2
f 290/1/2 49/1/2 292/1/2 291/1/2
f 293/1/2 49/1/2 294/1/2
f 290/1/2 289/1/2 49/1/2
f 294/1/2 49/1/2 295/1/2
f 295/1/2 47/1/2 46/1/2 297/1/2 296/1/2
f 284/1/2 283/1/2 49/1/2
f 60/1/2 251/1/2 250/1/2
f 58/1/2 253/1/2 252/1/2
f 58/1/2 57/1/2 253/1/2
f 259/1/2 258/1/2 55/1/2
f 59/1/2 58/1/2 252/1/2
f 56/1/2 55/1/2 256/1/2
f 59/1/2 252/1/2 251/1/2
f 260/1/2 259/1/2 53/1/2
f 255/1/2 254/1/2 57/1/2
f 56/1/2 256/1/2 255/1/2
f 61/1/2 60/1/2 250/1/2
f 60/1/2 59/1/2 251/1/2
f 57/1/2 56/1/2 255/1/2
f 258/1/2 257/1/2 55/1/2
f 275/1/2 274/1/2 51/1/2
f 282/1/2 281/1/2 50/1/2 49/1/2 283/1/2
f 259/1/2 54/1/2 53/1/2
f 266/1/2 52/1/2 268/1/2
f 64/1/2 63/1/2 249/1/2
f 279/1/2 50/1/2 280/1/2
f 63/1/2 62/1/2 249/1/2
f 62/1/2 61/1/2 250/1/2
f 55/1/2 54/1/2 259/1/2
f 53/1/2 261/1/2 260/1/2
f 53/1/2 263/1/2 262/1/2
f 52/1/2 265/1/2 264/1/2
f 55/1/2 257/1/2 256/1/2
f 62/1/2 250/1/2 249/1/2
f 53/1/2 262/1/2 261/1/2
f 278/1/2 50/1/2 279/1/2
f 267/1/2 266/1/2 268/1/2
f 272/1/2 52/1/2 274/1/2 273/1/2
f 57/1/2 254/1/2 253/1/2
f 274/1/2 52/1/2 51/1/2
f 50/1/2 275/1/2 51/1/2
f 266/1/2 265/1/2 52/1/2
f 269/1/2 52/1/2 272/1/2 271/1/2 270/1/2
f 276/1/2 275/1/2 50/1/2
f 52/1/2 269/1/2 268/1/2
f 53/1/2 52/1/2 263/1/2
f 280/1/2 50/1/2 281/1/2
f 50/1/2 278/1/2 277/1/2 276/1/2
f 241/1/2 240/1/2 297/1/2
f 64/1/2 249/1/2 248/1/2
f 241/1/2 64/1/2 242/1/2
f 297/1/2 64/1/2 241/1/2
f 245/1/2 243/1/2 242/1/2
f 242/1/2 64/1/2 245/1/2
f 64/1/2 246/1/2 245/1/2
f 64/1/2 247/1/2 246/1/2
f 64/1/2 248/1/2 247/1/2
f 46/1/2 64/1/2 297/1/2
f 245/1/2 244/1/2 243/1/2
f 298/1/2 297/1/2 240/1/2
f 336/1/2 331/1/2 65/1/2 83/1/2
f 299/1/2 298/1/2 240/1/2 239/1/2 238/1/2 336/1/2 83/1/2 82/1/2 81/1/2 80/1/2 79/1/2 323/1/2 322/1/2 321/1/2 320/1/2 319/1/2 318/1/2 317/1/2 316/1/2 315/1/2 314/1/2 313/1/2 312/1/2 311/1/2 310/1/2 309/1/2 308/1/2 307/1/2 306/1/2 305/1/2 304/1/2 303/1/2 302/1/2 301/1/2 300/1/2
f 335/1/2 331/1/2 336/1/2
f 76/1/2 323/1/2 77/1/2
f 323/1/2 78/1/2 77/1/2
f 75/1/2 324/1/2 76/1/2
f 74/1/2 324/1/2 75/1/2
f 73/1/2 325/1/2 74/1/2
f 325/1/2 324/1/2 74/1/2
f 328/1/2 327/1/2 330/1/2
f 68/1/2 67/1/2 326/1/2
f 72/1/2 71/1/2 325/1/2
f 73/1/2 72/1/2 325/1/2
f 71/1/2 70/1/2 325/1/2
f 70/1/2 69/1/2 325/1/2
f 327/1/2 65/1/2 330/1/2
f 324/1/2 323/1/2 76/1/2
f 69/1/2 68/1/2 325/1/2
f 325/1/2 68/1/2 326/1/2
f 327/1/2 66/1/2 65/1/2
f 323/1/2 79/1/2 78/1/2
f 67/1/2 66/1/2 327/1/2
f 335/1/2 334/1/2 332/1/2
f 334/1/2 333/1/2 332/1/2
f 330/1/2 329/1/2 328/1/2
f 331/1/2 335/1/2 332/1/2
f 327/1/2 326/1/2 67/1/2
f 65/1/2 331/1/2 330/1/2
f 336/1/2 238/1/2 337/1/2
f 523/1/2 528/1/2 527/1/2
f 233/1/2 489/1/2 488/1/2
f 518/1/2 517/1/2 519/1/2
f 521/1/2 520/1/2 519/1/2
f 523/1/2 527/1/2 525/1/2
f 517/1/2 522/1/2 521/1/2
f 523/1/2 522/1/2 528/1/2
f 522/1/2 517/1/2 238/1/2
f 420/1/2 419/1/2 421/1/2
f 354/1/2 353/1/2 433/1/2
f 517/1/2 516/1/2 238/1/2
f 528/1/2 522/1/2 238/1/2
f 515/1/2 437/1/2 516/1/2
f 515/1/2 514/1/2 445/1/2
f 516/1/2 435/1/2 434/1/2
f 238/1/2 516/1/2 337/1/2
f 437/1/2 436/1/2 516/1/2
f 346/1/2 434/1/2 347/1/2
f 404/1/2 380/1/2 379/1/2
f 367/1/2 366/1/2 365/1/2
f 337/1/2 516/1/2 338/1/2
f 437/1/2 515/1/2 438/1/2
f 430/1/2 362/1/2 431/1/2
f 401/1/2 400/1/2 381/1/2
f 444/1/2 441/1/2 445/1/2
f 367/1/2 365/1/2 364/1/2
f 439/1/2 445/1/2 440/1/2
f 404/1/2 379/1/2 378/1/2
f 341/1/2 339/1/2 338/1/2
f 341/1/2 516/1/2 342/1/2
f 342/1/2 434/1/2 343/1/2
f 343/1/2 434/1/2 344/1/2
f 344/1/2 434/1/2 345/1/2
f 345/1/2 434/1/2 346/1/2
f 409/1/2 408/1/2 407/1/2
f 432/1/2 355/1/2 433/1/2
f 405/1/2 378/1/2 377/1/2
f 407/1/2 406/1/2 377/1/2
f 402/1/2 401/1/2 380/1/2
f 413/1/2 422/1/2 416/1/2
f 410/1/2 409/1/2 407/1/2
f 517/1/2 521/1/2 519/1/2
f 399/1/2 398/1/2 383/1/2
f 400/1/2 399/1/2 381/1/2
f 392/1/2 389/1/2 386/1/2
f 404/1/2 403/1/2 380/1/2
f 384/1/2 383/1/2 385/1/2
f 412/1/2 411/1/2 413/1/2
f 516/1/2 434/1/2 342/1/2
f 341/1/2 340/1/2 339/1/2
f 347/1/2 434/1/2 348/1/2
f 385/1/2 398/1/2 392/1/2
f 425/1/2 424/1/2 372/1/2
f 348/1/2 434/1/2 349/1/2
f 395/1/2 394/1/2 393/1/2
f 432/1/2 431/1/2 359/1/2
f 414/1/2 413/1/2 415/1/2
f 397/1/2 396/1/2 398/1/2
f 388/1/2 387/1/2 389/1/2
f 349/1/2 433/1/2 350/1/2
f 415/1/2 413/1/2 416/1/2
f 405/1/2 404/1/2 378/1/2
f 398/1/2 385/1/2 383/1/2
f 350/1/2 433/1/2 351/1/2
f 353/1/2 352/1/2 433/1/2
f 398/1/2 395/1/2 392/1/2
f 427/1/2 426/1/2 370/1/2
f 389/1/2 387/1/2 386/1/2
f 395/1/2 393/1/2 392/1/2
f 417/1/2 416/1/2 418/1/2
f 515/1/2 445/1/2 439/1/2
f 386/1/2 385/1/2 392/1/2
f 406/1/2 405/1/2 377/1/2
f 419/1/2 422/1/2 421/1/2
f 418/1/2 416/1/2 419/1/2
f 434/1/2 433/1/2 349/1/2
f 424/1/2 423/1/2 373/1/2
f 391/1/2 389/1/2 392/1/2
f 441/1/2 440/1/2 445/1/2
f 362/1/2 361/1/2 431/1/2
f 390/1/2 389/1/2 391/1/2
f 428/1/2 368/1/2 429/1/2
f 425/1/2 371/1/2 426/1/2
f 363/1/2 362/1/2 430/1/2
f 527/1/2 526/1/2 525/1/2
f 438/1/2 515/1/2 439/1/2
f 352/1/2 351/1/2 433/1/2
f 516/1/2 436/1/2 435/1/2
f 356/1/2 432/1/2 357/1/2
f 443/1/2 441/1/2 444/1/2
f 376/1/2 375/1/2 413/1/2
f 357/1/2 432/1/2 358/1/2
f 442/1/2 441/1/2 443/1/2
f 398/1/2 396/1/2 395/1/2
f 401/1/2 381/1/2 380/1/2
f 358/1/2 432/1/2 359/1/2
f 399/1/2 383/1/2 381/1/2
f 360/1/2 359/1/2 431/1/2
f 382/1/2 381/1/2 383/1/2
f 361/1/2 360/1/2 431/1/2
f 516/1/2 341/1/2 338/1/2
f 371/1/2 370/1/2 426/1/2
f 364/1/2 363/1/2 430/1/2
f 410/1/2 407/1/2 377/1/2
f 368/1/2 367/1/2 429/1/2
f 411/1/2 410/1/2 376/1/2
f 364/1/2 429/1/2 367/1/2
f 356/1/2 355/1/2 432/1/2
f 375/1/2 422/1/2 413/1/2
f 525/1/2 524/1/2 523/1/2
f 428/1/2 427/1/2 369/1/2
f 410/1/2 377/1/2 376/1/2
f 368/1/2 428/1/2 369/1/2
f 413/1/2 411/1/2 376/1/2
f 369/1/2 427/1/2 370/1/2
f 429/1/2 364/1/2 430/1/2
f 416/1/2 422/1/2 419/1/2
f 371/1/2 425/1/2 372/1/2
f 380/1/2 403/1/2 402/1/2
f 372/1/2 424/1/2 373/1/2
f 423/1/2 422/1/2 375/1/2
f 373/1/2 423/1/2 374/1/2
f 374/1/2 423/1/2 375/1/2
f 355/1/2 354/1/2 433/1/2
f 233/1/2 232/1/2 489/1/2
f 506/1/2 505/1/2 226/1/2
f 229/1/2 496/1/2 495/1/2
f 232/1/2 231/1/2 490/1/2
f 226/1/2 225/1/2 507/1/2
f 511/1/2 510/1/2 223/1/2
f 232/1/2 490/1/2 489/1/2
f 501/1/2 228/1/2 227/1/2
f 497/1/2 496/1/2 498/1/2
f 502/1/2 501/1/2 227/1/2
f 231/1/2 230/1/2 490/1/2
f 496/1/2 229/1/2 498/1/2
f 230/1/2 229/1/2 493/1/2
f 484/1/2 483/1/2 197/1/2
f 499/1/2 498/1/2 500/1/2
f 230/1/2 491/1/2 490/1/2
f 228/1/2 500/1/2 498/1/2
f 510/1/2 509/1/2 224/1/2
f 229/1/2 494/1/2 493/1/2
f 503/1/2 502/1/2 227/1/2
f 230/1/2 493/1/2 492/1/2
f 226/1/2 504/1/2 227/1/2
f 226/1/2 505/1/2 504/1/2
f 223/1/2 222/1/2 514/1/2
f 230/1/2 492/1/2 491/1/2
f 223/1/2 510/1/2 224/1/2
f 229/1/2 228/1/2 498/1/2
f 506/1/2 226/1/2 507/1/2
f 228/1/2 501/1/2 500/1/2
f 225/1/2 224/1/2 507/1/2
f 513/1/2 512/1/2 511/1/2
f 220/1/2 514/1/2 221/1/2
f 229/1/2 495/1/2 494/1/2
f 219/1/2 514/1/2 220/1/2
f 218/1/2 514/1/2 219/1/2
f 214/1/2 213/1/2 446/1/2
f 445/1/2 214/1/2 446/1/2
f 511/1/2 223/1/2 514/1/2
f 218/1/2 217/1/2 445/1/2
f 227/1/2 504/1/2 503/1/2
f 217/1/2 216/1/2 445/1/2
f 216/1/2 215/1/2 445/1/2
f 213/1/2 212/1/2 446/1/2
f 215/1/2 214/1/2 445/1/2
f 508/1/2 224/1/2 509/1/2
f 508/1/2 507/1/2 224/1/2
f 513/1/2 511/1/2 514/1/2
f 514/1/2 218/1/2 445/1/2
f 221/1/2 514/1/2 222/1/2
f 486/1/2 235/1/2 487/1/2
f 485/1/2 236/1/2 486/1/2
f 484/1/2 236/1/2 485/1/2
f 234/1/2 488/1/2 235/1/2
f 481/1/2 199/1/2 482/1/2
f 199/1/2 198/1/2 482/1/2
f 480/1/2 479/1/2 200/1/2
f 478/1/2 201/1/2 479/1/2
f 483/1/2 482/1/2 198/1/2
f 201/1/2 200/1/2 479/1/2
f 208/1/2 207/1/2 204/1/2
f 210/1/2 209/1/2 472/1/2
f 204/1/2 203/1/2 475/1/2
f 236/1/2 484/1/2 197/1/2
f 471/1/2 470/1/2 446/1/2
f 452/1/2 456/1/2 455/1/2
f 475/1/2 203/1/2 476/1/2
f 208/1/2 474/1/2 209/1/2
f 474/1/2 473/1/2 209/1/2
f 201/1/2 478/1/2 202/1/2
f 446/1/2 212/1/2 211/1/2
f 207/1/2 206/1/2 205/1/2
f 454/1/2 452/1/2 455/1/2
f 470/1/2 451/1/2 447/1/2
f 477/1/2 476/1/2 203/1/2
f 465/1/2 464/1/2 463/1/2
f 197/1/2 237/1/2 236/1/2
f 466/1/2 465/1/2 463/1/2
f 475/1/2 474/1/2 208/1/2
f 475/1/2 208/1/2 204/1/2
f 234/1/2 233/1/2 488/1/2
f 202/1/2 477/1/2 203/1/2
f 472/1/2 471/1/2 446/1/2
f 207/1/2 205/1/2 204/1/2
f 478/1/2 477/1/2 202/1/2
f 210/1/2 472/1/2 211/1/2
f 211/1/2 472/1/2 446/1/2
f 197/1/2 483/1/2 198/1/2
f 469/1/2 451/1/2 470/1/2
f 468/1/2 451/1/2 469/1/2
f 467/1/2 451/1/2 468/1/2
f 466/1/2 452/1/2 467/1/2
f 460/1/2 459/1/2 458/1/2
f 452/1/2 466/1/2 463/1/2
f 197/1/2 196/1/2 237/1/2
f 462/1/2 452/1/2 463/1/2
f 461/1/2 452/1/2 462/1/2
f 460/1/2 452/1/2 461/1/2
f 481/1/2 480/1/2 199/1/2
f 452/1/2 460/1/2 458/1/2
f 457/1/2 452/1/2 458/1/2
f 456/1/2 452/1/2 457/1/2
f 488/1/2 487/1/2 235/1/2
f 452/1/2 451/1/2 467/1/2
f 453/1/2 452/1/2 454/1/2
f 472/1/2 209/1/2 473/1/2
f 236/1/2 235/1/2 486/1/2
f 446/1/2 470/1/2 447/1/2
f 450/1/2 449/1/2 451/1/2
f 451/1/2 449/1/2 448/1/2
f 199/1/2 480/1/2 200/1/2
f 447/1/2 451/1/2 448/1/2
f 784/1/3 785/1/3 786/1/3 787/1/3 788/1/3 789/1/3 790/1/3 791/1/3 792/1/3 793/1/3 794/1/3 795/1/3 796/1/3 797/1/3 798/1/3 799/1/3 800/1/3 801/1/3 802/1/3 803/1/3 804/1/3 805/1/3 806/1/3 807/1/3 808/1/3 809/1/3 810/1/3 706/1/3 707/1/3 708/1/3 709/1/3 710/1/3 711/1/3 712/1/3 713/1/3 714/1/3 715/1/3 716/1/3 717/1/3 718/1/3 719/1/3 720/1/3 721/1/3 722/1/3 723/1/3 724/1/3 725/1/3 726/1/3 727/1/3 728/1/3 729/1/3 730/1/3 731/1/3 732/1/3 733/1/3 734/1/3 735/1/3 736/1/3 737/1/3 738/1/3 739/1/3 740/1/3 741/1/3 742/1/3 743/1/3 744/1/3 745/1/3 746/1/3 747/1/3 748/1/3 749/1/3 750/1/3 751/1/3 752/1/3 753/1/3 754/1/3 755/1/3 756/1/3 757/1/3 758/1/3 759/1/3 760/1/3 761/1/3 762/1/3 763/1/3 764/1/3 765/1/3 766/1/3 767/1/3 768/1/3 769/1/3 1236/1/3 1235/1/3 1234/1/3 770/1/3 771/1/3 772/1/3 773/1/3 774/1/3 775/1/3 776/1/3 777/1/3 778/1/3 779/1/3 780/1/3 781/1/3 782/1/3 783/1/3
f 813/1/4 702/1/4 703/1/4 704/1/4 705/1/4 706/1/4 810/1/4 811/1/4 812/1/4
f 667/1/4 910/1/4 911/1/4
f 903/1/4 667/1/4 902/1/4
f 904/1/4 667/1/4 903/1/4
f 905/1/4 667/1/4 904/1/4
f 670/1/4 881/1/4 882/1/4
f 666/1/4 913/1/4 665/1/4
f 667/1/4 905/1/4 906/1/4 907/1/4
f 667/1/4 913/1/4 666/1/4
f 908/1/4 909/1/4 910/1/4 667/1/4
f 911/1/4 912/1/4 667/1/4
f 908/1/4 667/1/4 907/1/4
f 912/1/4 913/1/4 667/1/4
f 913/1/4 914/1/4 915/1/4 664/1/4 665/1/4
f 902/1/4 667/1/4 901/1/4
f 678/1/4 868/1/4 869/1/4
f 676/1/4 870/1/4 871/1/4
f 676/1/4 871/1/4 675/1/4
f 877/1/4 673/1/4 876/1/4
f 677/1/4 870/1/4 676/1/4
f 674/1/4 874/1/4 673/1/4
f 677/1/4 869/1/4 870/1/4
f 878/1/4 671/1/4 877/1/4
f 873/1/4 675/1/4 872/1/4
f 674/1/4 873/1/4 874/1/4
f 679/1/4 868/1/4 678/1/4
f 678/1/4 869/1/4 677/1/4
f 675/1/4 873/1/4 674/1/4
f 876/1/4 673/1/4 875/1/4
f 893/1/4 669/1/4 892/1/4
f 900/1/4 901/1/4 667/1/4 668/1/4 899/1/4
f 877/1/4 671/1/4 672/1/4
f 884/1/4 886/1/4 670/1/4
f 682/1/4 867/1/4 681/1/4
f 897/1/4 898/1/4 668/1/4
f 681/1/4 867/1/4 680/1/4
f 680/1/4 868/1/4 679/1/4
f 673/1/4 877/1/4 672/1/4
f 671/1/4 878/1/4 879/1/4
f 671/1/4 880/1/4 881/1/4
f 670/1/4 882/1/4 883/1/4
f 673/1/4 874/1/4 875/1/4
f 680/1/4 867/1/4 868/1/4
f 671/1/4 879/1/4 880/1/4
f 896/1/4 897/1/4 668/1/4
f 885/1/4 886/1/4 884/1/4
f 890/1/4 891/1/4 892/1/4 670/1/4
f 675/1/4 871/1/4 872/1/4
f 892/1/4 669/1/4 670/1/4
f 668/1/4 669/1/4 893/1/4
f 884/1/4 670/1/4 883/1/4
f 887/1/4 888/1/4 889/1/4 890/1/4 670/1/4
f 894/1/4 668/1/4 893/1/4
f 670/1/4 886/1/4 887/1/4
f 671/1/4 881/1/4 670/1/4
f 898/1/4 899/1/4 668/1/4
f 668/1/4 894/1/4 895/1/4 896/1/4
f 859/1/4 915/1/4 858/1/4
f 682/1/4 866/1/4 867/1/4
f 859/1/4 860/1/4 682/1/4
f 915/1/4 859/1/4 682/1/4
f 863/1/4 860/1/4 861/1/4
f 860/1/4 863/1/4 682/1/4
f 682/1/4 863/1/4 864/1/4
f 682/1/4 864/1/4 865/1/4
f 682/1/4 865/1/4 866/1/4
f 664/1/4 915/1/4 682/1/4
f 863/1/4 861/1/4 862/1/4
f 916/1/4 858/1/4 915/1/4
f 954/1/4 701/1/4 683/1/4 949/1/4
f 917/1/4 918/1/4 919/1/4 920/1/4 921/1/4 922/1/4 923/1/4 924/1/4 925/1/4 926/1/4 927/1/4 928/1/4 929/1/4 930/1/4 931/1/4 932/1/4 933/1/4 934/1/4 935/1/4 936/1/4 937/1/4 938/1/4 939/1/4 940/1/4 941/1/4 697/1/4 698/1/4 699/1/4 700/1/4 701/1/4 954/1/4 856/1/4 857/1/4 858/1/4 916/1/4
f 953/1/4 954/1/4 949/1/4
f 694/1/4 695/1/4 941/1/4
f 941/1/4 695/1/4 696/1/4
f 693/1/4 694/1/4 942/1/4
f 692/1/4 693/1/4 942/1/4
f 691/1/4 692/1/4 943/1/4
f 943/1/4 692/1/4 942/1/4
f 946/1/4 948/1/4 945/1/4
f 686/1/4 944/1/4 685/1/4
f 690/1/4 943/1/4 689/1/4
f 691/1/4 943/1/4 690/1/4
f 689/1/4 943/1/4 688/1/4
f 688/1/4 943/1/4 687/1/4
f 945/1/4 948/1/4 683/1/4
f 942/1/4 694/1/4 941/1/4
f 687/1/4 943/1/4 686/1/4
f 943/1/4 944/1/4 686/1/4
f 945/1/4 683/1/4 684/1/4
f 941/1/4 696/1/4 697/1/4
f 685/1/4 945/1/4 684/1/4
f 953/1/4 950/1/4 952/1/4
f 952/1/4 950/1/4 951/1/4
f 948/1/4 946/1/4 947/1/4
f 949/1/4 950/1/4 953/1/4
f 945/1/4 685/1/4 944/1/4
f 683/1/4 948/1/4 949/1/4
f 954/1/4 955/1/4 856/1/4
f 1141/1/4 1145/1/4 1146/1/4
f 851/1/4 1106/1/4 1107/1/4
f 1136/1/4 1137/1/4 1135/1/4
f 1139/1/4 1137/1/4 1138/1/4
f 1141/1/4 1143/1/4 1145/1/4
f 1135/1/4 1139/1/4 1140/1/4
f 1141/1/4 1146/1/4 1140/1/4
f 1140/1/4 856/1/4 1135/1/4
f 1038/1/4 1039/1/4 1037/1/4
f 972/1/4 1051/1/4 971/1/4
f 1135/1/4 856/1/4 1134/1/4
f 1146/1/4 856/1/4 1140/1/4
f 1133/1/4 1134/1/4 1055/1/4
f 1133/1/4 1063/1/4 1132/1/4
f 1134/1/4 1052/1/4 1053/1/4
f 856/1/4 955/1/4 1134/1/4
f 1055/1/4 1134/1/4 1054/1/4
f 964/1/4 965/1/4 1052/1/4
f 1022/1/4 997/1/4 998/1/4
f 985/1/4 983/1/4 984/1/4
f 955/1/4 956/1/4 1134/1/4
f 1055/1/4 1056/1/4 1133/1/4
f 1048/1/4 1049/1/4 980/1/4
f 1019/1/4 999/1/4 1018/1/4
f 1062/1/4 1063/1/4 1059/1/4
f 985/1/4 982/1/4 983/1/4
f 1057/1/4 1058/1/4 1063/1/4
f 1022/1/4 996/1/4 997/1/4
f 959/1/4 956/1/4 957/1/4
f 959/1/4 960/1/4 1134/1/4
f 960/1/4 961/1/4 1052/1/4
f 961/1/4 962/1/4 1052/1/4
f 962/1/4 963/1/4 1052/1/4
f 963/1/4 964/1/4 1052/1/4
f 1027/1/4 1025/1/4 1026/1/4
f 1050/1/4 1051/1/4 973/1/4
f 1023/1/4 995/1/4 996/1/4
f 1025/1/4 995/1/4 1024/1/4
f 1020/1/4 998/1/4 1019/1/4
f 1031/1/4 1034/1/4 1040/1/4
f 1028/1/4 1025/1/4 1027/1/4
f 1135/1/4 1137/1/4 1139/1/4
f 1017/1/4 1001/1/4 1016/1/4
f 1018/1/4 999/1/4 1017/1/4
f 1010/1/4 1004/1/4 1007/1/4
f 1022/1/4 998/1/4 1021/1/4
f 1002/1/4 1003/1/4 1001/1/4
f 1030/1/4 1031/1/4 1029/1/4
f 1134/1/4 960/1/4 1052/1/4
f 959/1/4 957/1/4 958/1/4
f 965/1/4 966/1/4 1052/1/4
f 1003/1/4 1010/1/4 1016/1/4
f 1043/1/4 990/1/4 1042/1/4
f 966/1/4 967/1/4 1052/1/4
f 1013/1/4 1011/1/4 1012/1/4
f 1050/1/4 977/1/4 1049/1/4
f 1032/1/4 1033/1/4 1031/1/4
f 1015/1/4 1016/1/4 1014/1/4
f 1006/1/4 1007/1/4 1005/1/4
f 967/1/4 968/1/4 1051/1/4
f 1033/1/4 1034/1/4 1031/1/4
f 1023/1/4 996/1/4 1022/1/4
f 1016/1/4 1001/1/4 1003/1/4
f 968/1/4 969/1/4 1051/1/4
f 971/1/4 1051/1/4 970/1/4
f 1016/1/4 1010/1/4 1013/1/4
f 1045/1/4 988/1/4 1044/1/4
f 1007/1/4 1004/1/4 1005/1/4
f 1013/1/4 1010/1/4 1011/1/4
f 1035/1/4 1036/1/4 1034/1/4
f 1133/1/4 1057/1/4 1063/1/4
f 1004/1/4 1010/1/4 1003/1/4
f 1024/1/4 995/1/4 1023/1/4
f 1037/1/4 1039/1/4 1040/1/4
f 1036/1/4 1037/1/4 1034/1/4
f 1052/1/4 967/1/4 1051/1/4
f 1042/1/4 991/1/4 1041/1/4
f 1009/1/4 1010/1/4 1007/1/4
f 1059/1/4 1063/1/4 1058/1/4
f 980/1/4 1049/1/4 979/1/4
f 1008/1/4 1009/1/4 1007/1/4
f 1046/1/4 1047/1/4 986/1/4
f 1043/1/4 1044/1/4 989/1/4
f 981/1/4 1048/1/4 980/1/4
f 1145/1/4 1143/1/4 1144/1/4
f 1056/1/4 1057/1/4 1133/1/4
f 970/1/4 1051/1/4 969/1/4
f 1134/1/4 1053/1/4 1054/1/4
f 974/1/4 975/1/4 1050/1/4
f 1061/1/4 1062/1/4 1059/1/4
f 994/1/4 1031/1/4 993/1/4
f 975/1/4 976/1/4 1050/1/4
f 1060/1/4 1061/1/4 1059/1/4
f 1016/1/4 1013/1/4 1014/1/4
f 1019/1/4 998/1/4 999/1/4
f 976/1/4 977/1/4 1050/1/4
f 1017/1/4 999/1/4 1001/1/4
f 978/1/4 1049/1/4 977/1/4
f 1000/1/4 1001/1/4 999/1/4
f 979/1/4 1049/1/4 978/1/4
f 1134/1/4 956/1/4 959/1/4
f 989/1/4 1044/1/4 988/1/4
f 982/1/4 1048/1/4 981/1/4
f 1028/1/4 995/1/4 1025/1/4
f 986/1/4 1047/1/4 985/1/4
f 1029/1/4 994/1/4 1028/1/4
f 982/1/4 985/1/4 1047/1/4
f 974/1/4 1050/1/4 973/1/4
f 993/1/4 1031/1/4 1040/1/4
f 1143/1/4 1141/1/4 1142/1/4
f 1046/1/4 987/1/4 1045/1/4
f 1028/1/4 994/1/4 995/1/4
f 986/1/4 987/1/4 1046/1/4
f 1031/1/4 994/1/4 1029/1/4
f 987/1/4 988/1/4 1045/1/4
f 1047/1/4 1048/1/4 982/1/4
f 1034/1/4 1037/1/4 1040/1/4
f 989/1/4 990/1/4 1043/1/4
f 998/1/4 1020/1/4 1021/1/4
f 990/1/4 991/1/4 1042/1/4
f 1041/1/4 993/1/4 1040/1/4
f 991/1/4 992/1/4 1041/1/4
f 992/1/4 993/1/4 1041/1/4
f 973/1/4 1051/1/4 972/1/4
f 851/1/4 1107/1/4 850/1/4
f 1124/1/4 844/1/4 1123/1/4
f 847/1/4 1113/1/4 1114/1/4
f 850/1/4 1108/1/4 849/1/4
f 844/1/4 1125/1/4 843/1/4
f 1129/1/4 841/1/4 1128/1/4
f 850/1/4 1107/1/4 1108/1/4
f 1119/1/4 845/1/4 846/1/4
f 1115/1/4 1116/1/4 1114/1/4
f 1120/1/4 845/1/4 1119/1/4
f 849/1/4 1108/1/4 848/1/4
f 1114/1/4 1116/1/4 847/1/4
f 848/1/4 1111/1/4 847/1/4
f 1102/1/4 815/1/4 1101/1/4
f 1117/1/4 1118/1/4 1116/1/4
f 848/1/4 1108/1/4 1109/1/4
f 846/1/4 1116/1/4 1118/1/4
f 1128/1/4 842/1/4 1127/1/4
f 847/1/4 1111/1/4 1112/1/4
f 1121/1/4 845/1/4 1120/1/4
f 848/1/4 1110/1/4 1111/1/4
f 844/1/4 845/1/4 1122/1/4
f 844/1/4 1122/1/4 1123/1/4
f 841/1/4 1132/1/4 840/1/4
f 848/1/4 1109/1/4 1110/1/4
f 841/1/4 842/1/4 1128/1/4
f 847/1/4 1116/1/4 846/1/4
f 1124/1/4 1125/1/4 844/1/4
f 846/1/4 1118/1/4 1119/1/4
f 843/1/4 1125/1/4 842/1/4
f 1131/1/4 1129/1/4 1130/1/4
f 838/1/4 839/1/4 1132/1/4
f 847/1/4 1112/1/4 1113/1/4
f 837/1/4 838/1/4 1132/1/4
f 836/1/4 837/1/4 1132/1/4
f 832/1/4 1064/1/4 831/1/4
f 1063/1/4 1064/1/4 832/1/4
f 1129/1/4 1132/1/4 841/1/4
f 836/1/4 1063/1/4 835/1/4
f 845/1/4 1121/1/4 1122/1/4
f 835/1/4 1063/1/4 834/1/4
f 834/1/4 1063/1/4 833/1/4
f 831/1/4 1064/1/4 830/1/4
f 833/1/4 1063/1/4 832/1/4
f 1126/1/4 1127/1/4 842/1/4
f 1126/1/4 842/1/4 1125/1/4
f 1131/1/4 1132/1/4 1129/1/4
f 1132/1/4 1063/1/4 836/1/4
f 839/1/4 840/1/4 1132/1/4
f 1104/1/4 1105/1/4 853/1/4
f 1103/1/4 1104/1/4 854/1/4
f 1102/1/4 1103/1/4 854/1/4
f 852/1/4 853/1/4 1106/1/4
f 1099/1/4 1100/1/4 817/1/4
f 817/1/4 1100/1/4 816/1/4
f 1098/1/4 818/1/4 1097/1/4
f 1096/1/4 1097/1/4 819/1/4
f 1101/1/4 816/1/4 1100/1/4
f 819/1/4 1097/1/4 818/1/4
f 826/1/4 822/1/4 825/1/4
f 828/1/4 1090/1/4 827/1/4
f 822/1/4 1093/1/4 821/1/4
f 854/1/4 815/1/4 1102/1/4
f 1089/1/4 1064/1/4 1088/1/4
f 1070/1/4 1073/1/4 1074/1/4
f 1093/1/4 1094/1/4 821/1/4
f 826/1/4 827/1/4 1092/1/4
f 1092/1/4 827/1/4 1091/1/4
f 819/1/4 820/1/4 1096/1/4
f 1064/1/4 829/1/4 830/1/4
f 825/1/4 823/1/4 824/1/4
f 1072/1/4 1073/1/4 1070/1/4
f 1088/1/4 1065/1/4 1069/1/4
f 1095/1/4 821/1/4 1094/1/4
f 1083/1/4 1081/1/4 1082/1/4
f 815/1/4 854/1/4 855/1/4
f 1084/1/4 1081/1/4 1083/1/4
f 1093/1/4 826/1/4 1092/1/4
f 1093/1/4 822/1/4 826/1/4
f 852/1/4 1106/1/4 851/1/4
f 820/1/4 821/1/4 1095/1/4
f 1090/1/4 1064/1/4 1089/1/4
f 825/1/4 822/1/4 823/1/4
f 1096/1/4 820/1/4 1095/1/4
f 828/1/4 829/1/4 1090/1/4
f 829/1/4 1064/1/4 1090/1/4
f 815/1/4 816/1/4 1101/1/4
f 1087/1/4 1088/1/4 1069/1/4
f 1086/1/4 1087/1/4 1069/1/4
f 1085/1/4 1086/1/4 1069/1/4
f 1084/1/4 1085/1/4 1070/1/4
f 1078/1/4 1076/1/4 1077/1/4
f 1070/1/4 1081/1/4 1084/1/4
f 815/1/4 855/1/4 814/1/4
f 1080/1/4 1081/1/4 1070/1/4
f 1079/1/4 1080/1/4 1070/1/4
f 1078/1/4 1079/1/4 1070/1/4
f 1099/1/4 817/1/4 1098/1/4
f 1070/1/4 1076/1/4 1078/1/4
f 1075/1/4 1076/1/4 1070/1/4
f 1074/1/4 1075/1/4 1070/1/4
f 1106/1/4 853/1/4 1105/1/4
f 1070/1/4 1085/1/4 1069/1/4
f 1071/1/4 1072/1/4 1070/1/4
f 1090/1/4 1091/1/4 827/1/4
f 854/1/4 1104/1/4 853/1/4
f 1064/1/4 1065/1/4 1088/1/4
f 1068/1/4 1069/1/4 1067/1/4
f 1069/1/4 1066/1/4 1067/1/4
f 817/1/4 818/1/4 1098/1/4
f 1065/1/4 1066/1/4 1069/1/4
f 64/1/44 46/1/44 664/1/44 682/1/44
f 46/1/45 47/1/45 665/1/45 664/1/45
f 47/1/46 48/1/46 666/1/46 665/1/46
f 48/1/46 49/1/46 667/1/46 666/1/46
f 49/1/47 50/1/47 668/1/47 667/1/47
f 50/1/48 51/1/48 669/1/48 668/1/48
f 51/1/48 52/1/48 670/1/48 669/1/48
f 52/1/49 53/1/49 671/1/49 670/1/49
f 53/1/50 54/1/50 672/1/50 671/1/50
f 54/1/50 55/1/50 673/1/50 672/1/50
f 55/1/51 56/1/51 674/1/51 673/1/51
f 56/1/52 57/1/52 675/1/52 674/1/52
f 57/1/52 58/1/52 676/1/52 675/1/52
f 58/1/53 59/1/53 677/1/53 676/1/53
f 59/1/54 60/1/54 678/1/54 677/1/54
f 60/1/55 61/1/55 679/1/55 678/1/55
f 61/1/56 62/1/56 680/1/56 679/1/56
f 62/1/57 63/1/57 681/1/57 680/1/57
f 63/1/57 64/1/57 682/1/57 681/1/57
f 65/1/58 66/1/58 684/1/58 683/1/58
f 66/1/58 67/1/58 685/1/58 684/1/58
f 67/1/59 68/1/59 686/1/59 685/1/59
f 68/1/60 69/1/60 687/1/60 686/1/60
f 69/1/60 70/1/60 688/1/60 687/1/60
f 70/1/61 71/1/61 689/1/61 688/1/61
f 71/1/62 72/1/62 690/1/62 689/1/62
f 72/1/63 73/1/63 691/1/63 690/1/63
f 73/1/64 74/1/64 692/1/64 691/1/64
f 74/1/65 75/1/65 693/1/65 692/1/65
f 75/1/65 76/1/65 694/1/65 693/1/65
f 76/1/66 77/1/66 695/1/66 694/1/66
f 77/1/67 78/1/67 696/1/67 695/1/67
f 78/1/68 79/1/68 697/1/68 696/1/68
f 79/1/69 80/1/69 698/1/69 697/1/69
f 80/1/70 81/1/70 699/1/70 698/1/70
f 81/1/71 82/1/71 700/1/71 699/1/71
f 82/1/72 83/1/72 701/1/72 700/1/72
f 83/1/73 65/1/73 683/1/73 701/1/73
f 84/1/74 85/1/74 703/1/74 702/1/74
f 85/1/75 86/1/75 704/1/75 703/1/75
f 86/1/76 87/1/76 705/1/76 704/1/76
f 87/1/77 88/1/77 706/1/77 705/1/77
f 88/1/78 89/1/78 707/1/78 706/1/78
f 89/1/79 90/1/79 708/1/79 707/1/79
f 90/1/80 91/1/80 709/1/80 708/1/80
f 91/1/81 92/1/81 710/1/81 709/1/81
f 92/1/82 93/1/82 711/1/82 710/1/82
f 93/1/83 94/1/83 712/1/83 711/1/83
f 94/1/84 95/1/84 713/1/84 712/1/84
f 95/1/85 96/1/85 714/1/85 713/1/85
f 96/1/85 97/1/85 715/1/85 714/1/85
f 97/1/86 98/1/86 716/1/86 715/1/86
f 98/1/87 99/1/87 717/1/87 716/1/87
f 99/1/88 100/1/88 718/1/88 717/1/88
f 100/1/89 101/1/89 719/1/89 718/1/89
f 101/1/90 102/1/90 720/1/90 719/1/90
f 102/1/91 103/1/91 721/1/91 720/1/91
f 103/1/92 104/1/92 722/1/92 721/1/92
f 104/1/93 105/1/93 723/1/93 722/1/93
f 105/1/94 106/1/94 724/1/94 723/1/94
f 106/1/95 107/1/95 725/1/95 724/1/95
f 107/1/96 108/1/96 726/1/96 725/1/96
f 108/1/97 109/1/97 727/1/97 726/1/97
f 109/1/98 110/1/98 728/1/98 727/1/98
f 110/1/99 111/1/99 729/1/99 728/1/99
f 111/1/100 112/1/100 730/1/100 729/1/100
f 112/1/101 113/1/101 731/1/101 730/1/101
f 113/1/102 114/1/102 732/1/102 731/1/102
f 114/1/103 115/1/103 733/1/103 732/1/103
f 115/1/104 116/1/104 734/1/104 733/1/104
f 116/1/105 117/1/105 735/1/105 734/1/105
f 117/1/105 118/1/105 736/1/105 735/1/105
f 118/1/106 119/1/106 737/1/106 736/1/106
f 119/1/107 120/1/107 738/1/107 737/1/107
f 120/1/108 121/1/108 739/1/108 738/1/108
f 121/1/109 122/1/109 740/1/109 739/1/109
f 122/1/109 123/1/109 741/1/109 740/1/109
f 123/1/110 124/1/110 742/1/110 741/1/110
f 124/1/111 125/1/111 743/1/111 742/1/111
f 125/1/111 126/1/111 744/1/111 743/1/111
f 126/1/112 127/1/112 745/1/112 744/1/112
f 127/1/113 128/1/113 746/1/113 745/1/113
f 128/1/114 129/1/114 747/1/114 746/1/114
f 129/1/114 130/1/114 748/1/114 747/1/114
f 130/1/115 131/1/115 749/1/115 748/1/115
f 131/1/116 132/1/116 750/1/116 749/1/116
f 132/1/117 133/1/117 751/1/117 750/1/117
f 133/1/117 134/1/117 752/1/117 751/1/117
f 134/1/118 135/1/118 753/1/118 752/1/118
f 135/1/119 136/1/119 754/1/119 753/1/119
f 136/1/120 137/1/120 755/1/120 754/1/120
f 137/1/121 138/1/121 756/1/121 755/1/121
f 138/1/122 139/1/122 757/1/122 756/1/122
f 139/1/123 140/1/123 758/1/123 757/1/123
f 140/1/124 141/1/124 759/1/124 758/1/124
f 141/1/125 142/1/125 760/1/125 759/1/125
f 142/1/126 143/1/126 761/1/126 760/1/126
f 143/1/127 144/1/127 762/1/127 761/1/127
f 144/1/128 145/1/128 763/1/128 762/1/128
f 145/1/129 146/1/129 764/1/129 763/1/129
f 146/1/130 147/1/130 765/1/130 764/1/130
f 147/1/131 148/1/131 766/1/131 765/1/131
f 148/1/132 149/1/132 767/1/132 766/1/132
f 149/1/133 150/1/133 768/1/133 767/1/133
f 150/1/134 151/1/134 769/1/134 768/1/134
f 152/1/135 153/1/135 771/1/135 770/1/135
f 153/1/136 154/1/136 772/1/136 771/1/136
f 154/1/137 155/1/137 773/1/137 772/1/137
f 155/1/138 156/1/138 774/1/138 773/1/138
f 156/1/139 157/1/139 775/1/139 774/1/139
f 157/1/140 158/1/140 776/1/140 775/1/140
f 158/1/141 159/1/141 777/1/141 776/1/141
f 159/1/142 160/1/142 778/1/142 777/1/142
f 160/1/143 161/1/143 779/1/143 778/1/143
f 161/1/144 162/1/144 780/1/144 779/1/144
f 162/1/145 163/1/145 781/1/145 780/1/145
f 163/1/146 164/1/146 782/1/146 781/1/146
f 165/1/147 166/1/147 784/1/147 783/1/147
f 166/1/148 167/1/148 785/1/148 784/1/148
f 167/1/149 168/1/149 786/1/149 785/1/149
f 168/1/150 169/1/150 787/1/150 786/1/150
f 169/1/151 170/1/151 788/1/151 787/1/151
f 170/1/152 171/1/152 789/1/152 788/1/152
f 171/1/153 172/1/153 790/1/153 789/1/153
f 172/1/154 173/1/154 791/1/154 790/1/154
f 173/1/155 174/1/155 792/1/155 791/1/155
f 174/1/156 175/1/156 793/1/156 792/1/156
f 175/1/157 176/1/157 794/1/157 793/1/157
f 176/1/158 177/1/158 795/1/158 794/1/158
f 177/1/159 178/1/159 796/1/159 795/1/159
f 178/1/160 179/1/160 797/1/160 796/1/160
f 179/1/161 180/1/161 798/1/161 797/1/161
f 180/1/162 181/1/162 799/1/162 798/1/162
f 181/1/163 182/1/163 800/1/163 799/1/163
f 182/1/164 183/1/164 801/1/164 800/1/164
f 183/1/165 184/1/165 802/1/165 801/1/165
f 184/1/166 185/1/166 803/1/166 802/1/166
f 185/1/167 186/1/167 804/1/167 803/1/167
f 186/1/168 187/1/168 805/1/168 804/1/168
f 187/1/169 188/1/169 806/1/169 805/1/169
f 188/1/170 189/1/170 807/1/170 806/1/170
f 189/1/171 190/1/171 808/1/171 807/1/171
f 190/1/172 191/1/172 809/1/172 808/1/172
f 191/1/173 192/1/173 810/1/173 809/1/173
f 192/1/174 193/1/174 811/1/174 810/1/174
f 193/1/175 194/1/175 812/1/175 811/1/175
f 194/1/176 195/1/176 813/1/176 812/1/176
f 195/1/177 84/1/177 702/1/177 813/1/177
f 196/1/178 197/1/178 815/1/178 814/1/178
f 197/1/179 198/1/179 816/1/179 815/1/179
f 198/1/179 199/1/179 817/1/179 816/1/179
f 199/1/180 200/1/180 818/1/180 817/1/180
f 200/1/181 201/1/181 819/1/181 818/1/181
f 201/1/181 202/1/181 820/1/181 819/1/181
f 202/1/182 203/1/182 821/1/182 820/1/182
f 203/1/183 204/1/183 822/1/183 821/1/183
f 204/1/183 205/1/183 823/1/183 822/1/183
f 205/1/184 206/1/184 824/1/184 823/1/184
f 206/1/185 207/1/185 825/1/185 824/1/185
f 207/1/185 208/1/185 826/1/185 825/1/185
f 208/1/186 209/1/186 827/1/186 826/1/186
f 209/1/74 210/1/74 828/1/74 827/1/74
f 210/1/74 211/1/74 829/1/74 828/1/74
f 211/1/187 212/1/187 830/1/187 829/1/187
f 212/1/188 213/1/188 831/1/188 830/1/188
f 213/1/189 214/1/189 832/1/189 831/1/189
f 214/1/190 215/1/190 833/1/190 832/1/190
f 215/1/191 216/1/191 834/1/191 833/1/191
f 216/1/191 217/1/191 835/1/191 834/1/191
f 217/1/192 218/1/192 836/1/192 835/1/192
f 218/1/193 219/1/193 837/1/193 836/1/193
f 219/1/193 220/1/193 838/1/193 837/1/193
f 220/1/194 221/1/194 839/1/194 838/1/194
f 221/1/195 222/1/195 840/1/195 839/1/195
f 222/1/195 223/1/195 841/1/195 840/1/195
f 223/1/196 224/1/196 842/1/196 841/1/196
f 224/1/197 225/1/197 843/1/197 842/1/197
f 225/1/197 226/1/197 844/1/197 843/1/197
f 226/1/198 227/1/198 845/1/198 844/1/198
f 227/1/199 228/1/199 846/1/199 845/1/199
f 228/1/200 229/1/200 847/1/200 846/1/200
f 229/1/201 230/1/201 848/1/201 847/1/201
f 230/1/202 231/1/202 849/1/202 848/1/202
f 231/1/202 232/1/202 850/1/202 849/1/202
f 232/1/203 233/1/203 851/1/203 850/1/203
f 233/1/204 234/1/204 852/1/204 851/1/204
f 234/1/204 235/1/204 853/1/204 852/1/204
f 235/1/205 236/1/205 854/1/205 853/1/205
f 236/1/74 237/1/74 855/1/74 854/1/74
f 237/1/74 196/1/74 814/1/74 855/1/74
f 238/1/206 239/1/206 857/1/206 856/1/206
f 239/1/207 240/1/207 858/1/207 857/1/207
f 240/1/208 241/1/208 859/1/208 858/1/208
f 241/1/209 242/1/209 860/1/209 859/1/209
f 242/1/209 243/1/209 861/1/209 860/1/209
f 243/1/210 244/1/210 862/1/210 861/1/210
f 244/1/211 245/1/211 863/1/211 862/1/211
f 245/1/211 246/1/211 864/1/211 863/1/211
f 246/1/212 247/1/212 865/1/212 864/1/212
f 247/1/213 248/1/213 866/1/213 865/1/213
f 248/1/214 249/1/214 867/1/214 866/1/214
f 249/1/215 250/1/215 868/1/215 867/1/215
f 250/1/216 251/1/216 869/1/216 868/1/216
f 251/1/216 252/1/216 870/1/216 869/1/216
f 252/1/217 253/1/217 871/1/217 870/1/217
f 253/1/218 254/1/218 872/1/218 871/1/218
f 254/1/218 255/1/218 873/1/218 872/1/218
f 255/1/219 256/1/219 874/1/219 873/1/219
f 256/1/220 257/1/220 875/1/220 874/1/220
f 257/1/220 258/1/220 876/1/220 875/1/220
f 258/1/221 259/1/221 877/1/221 876/1/221
f 259/1/46 260/1/46 878/1/46 877/1/46
f 260/1/46 261/1/46 879/1/46 878/1/46
f 261/1/222 262/1/222 880/1/222 879/1/222
f 262/1/223 263/1/223 881/1/223 880/1/223
f 263/1/223 264/1/223 882/1/223 881/1/223
f 264/1/224 265/1/224 883/1/224 882/1/224
f 265/1/225 266/1/225 884/1/225 883/1/225
f 266/1/225 267/1/225 885/1/225 884/1/225
f 267/1/226 268/1/226 886/1/226 885/1/226
f 268/1/227 269/1/227 887/1/227 886/1/227
f 269/1/228 270/1/228 888/1/228 887/1/228
f 270/1/229 271/1/229 889/1/229 888/1/229
f 271/1/230 272/1/230 890/1/230 889/1/230
f 272/1/231 273/1/231 891/1/231 890/1/231
f 273/1/232 274/1/232 892/1/232 891/1/232
f 274/1/233 275/1/233 893/1/233 892/1/233
f 275/1/234 276/1/234 894/1/234 893/1/234
f 276/1/235 277/1/235 895/1/235 894/1/235
f 277/1/236 278/1/236 896/1/236 895/1/236
f 278/1/236 279/1/236 897/1/236 896/1/236
f 279/1/237 280/1/237 898/1/237 897/1/237
f 280/1/238 281/1/238 899/1/238 898/1/238
f 281/1/238 282/1/238 900/1/238 899/1/238
f 282/1/239 283/1/239 901/1/239 900/1/239
f 283/1/240 284/1/240 902/1/240 901/1/240
f 284/1/240 285/1/240 903/1/240 902/1/240
f 285/1/241 286/1/241 904/1/241 903/1/241
f 286/1/242 287/1/242 905/1/242 904/1/242
f 287/1/243 288/1/243 906/1/243 905/1/243
f 288/1/244 289/1/244 907/1/244 906/1/244
f 289/1/245 290/1/245 908/1/245 907/1/245
f 290/1/246 291/1/246 909/1/246 908/1/246
f 291/1/247 292/1/247 910/1/247 909/1/247
f 292/1/248 293/1/248 911/1/248 910/1/248
f 293/1/249 294/1/249 912/1/249 911/1/249
f 294/1/250 295/1/250 913/1/250 912/1/250
f 295/1/251 296/1/251 914/1/251 913/1/251
f 296/1/252 297/1/252 915/1/252 914/1/252
f 297/1/253 298/1/253 916/1/253 915/1/253
f 298/1/254 299/1/254 917/1/254 916/1/254
f 299/1/255 300/1/255 918/1/255 917/1/255
f 300/1/256 301/1/256 919/1/256 918/1/256
f 301/1/257 302/1/257 920/1/257 919/1/257
f 302/1/258 303/1/258 921/1/258 920/1/258
f 303/1/258 304/1/258 922/1/258 921/1/258
f 304/1/259 305/1/259 923/1/259 922/1/259
f 305/1/260 306/1/260 924/1/260 923/1/260
f 306/1/260 307/1/260 925/1/260 924/1/260
f 307/1/261 308/1/261 926/1/261 925/1/261
f 308/1/262 309/1/262 927/1/262 926/1/262
f 309/1/262 310/1/262 928/1/262 927/1/262
f 310/1/263 311/1/263 929/1/263 928/1/263
f 311/1/264 312/1/264 930/1/264 929/1/264
f 312/1/264 313/1/264 931/1/264 930/1/264
f 313/1/265 314/1/265 932/1/265 931/1/265
f 314/1/266 315/1/266 933/1/266 932/1/266
f 315/1/266 316/1/266 934/1/266 933/1/266
f 316/1/267 317/1/267 935/1/267 934/1/267
f 317/1/268 318/1/268 936/1/268 935/1/268
f 318/1/268 319/1/268 937/1/268 936/1/268
f 319/1/204 320/1/204 938/1/204 937/1/204
f 320/1/204 321/1/204 939/1/204 938/1/204
f 321/1/269 322/1/269 940/1/269 939/1/269
f 322/1/270 323/1/270 941/1/270 940/1/270
f 323/1/271 324/1/271 942/1/271 941/1/271
f 324/1/204 325/1/204 943/1/204 942/1/204
f 325/1/204 326/1/204 944/1/204 943/1/204
f 326/1/272 327/1/272 945/1/272 944/1/272
f 327/1/273 328/1/273 946/1/273 945/1/273
f 328/1/273 329/1/273 947/1/273 946/1/273
f 329/1/274 330/1/274 948/1/274 947/1/274
f 330/1/204 331/1/204 949/1/204 948/1/204
f 331/1/204 332/1/204 950/1/204 949/1/204
f 332/1/275 333/1/275 951/1/275 950/1/275
f 333/1/48 334/1/48 952/1/48 951/1/48
f 334/1/48 335/1/48 953/1/48 952/1/48
f 335/1/276 336/1/276 954/1/276 953/1/276
f 336/1/277 337/1/277 955/1/277 954/1/277
f 337/1/278 338/1/278 956/1/278 955/1/278
f 338/1/278 339/1/278 957/1/278 956/1/278
f 339/1/279 340/1/279 958/1/279 957/1/279
f 340/1/280 341/1/280 959/1/280 958/1/280
f 341/1/280 342/1/280 960/1/280 959/1/280
f 342/1/281 343/1/281 961/1/281 960/1/281
f 343/1/282 344/1/282 962/1/282 961/1/282
f 344/1/282 345/1/282 963/1/282 962/1/282
f 345/1/283 346/1/283 964/1/283 963/1/283
f 346/1/284 347/1/284 965/1/284 964/1/284
f 347/1/284 348/1/284 966/1/284 965/1/284
f 348/1/285 349/1/285 967/1/285 966/1/285
f 349/1/286 350/1/286 968/1/286 967/1/286
f 350/1/286 351/1/286 969/1/286 968/1/286
f 351/1/287 352/1/287 970/1/287 969/1/287
f 352/1/288 353/1/288 971/1/288 970/1/288
f 353/1/288 354/1/288 972/1/288 971/1/288
f 354/1/289 355/1/289 973/1/289 972/1/289
f 355/1/290 356/1/290 974/1/290 973/1/290
f 356/1/290 357/1/290 975/1/290 974/1/290
f 357/1/291 358/1/291 976/1/291 975/1/291
f 358/1/292 359/1/292 977/1/292 976/1/292
f 359/1/292 360/1/292 978/1/292 977/1/292
f 360/1/293 361/1/293 979/1/293 978/1/293
f 361/1/294 362/1/294 980/1/294 979/1/294
f 362/1/294 363/1/294 981/1/294 980/1/294
f 363/1/295 364/1/295 982/1/295 981/1/295
f 364/1/296 365/1/296 983/1/296 982/1/296
f 365/1/296 366/1/296 984/1/296 983/1/296
f 366/1/297 367/1/297 985/1/297 984/1/297
f 367/1/298 368/1/298 986/1/298 985/1/298
f 368/1/298 369/1/298 987/1/298 986/1/298
f 369/1/299 370/1/299 988/1/299 987/1/299
f 370/1/300 371/1/300 989/1/300 988/1/300
f 371/1/300 372/1/300 990/1/300 989/1/300
f 372/1/301 373/1/301 991/1/301 990/1/301
f 373/1/302 374/1/302 992/1/302 991/1/302
f 374/1/302 375/1/302 993/1/302 992/1/302
f 375/1/303 376/1/303 994/1/303 993/1/303
f 376/1/304 377/1/304 995/1/304 994/1/304
f 377/1/304 378/1/304 996/1/304 995/1/304
f 378/1/305 379/1/305 997/1/305 996/1/305
f 379/1/306 380/1/306 998/1/306 997/1/306
f 380/1/306 381/1/306 999/1/306 998/1/306
f 381/1/307 382/1/307 1000/1/307 999/1/307
f 382/1/308 383/1/308 1001/1/308 1000/1/308
f 383/1/308 384/1/308 1002/1/308 1001/1/308
f 384/1/309 385/1/309 1003/1/309 1002/1/309
f 385/1/310 386/1/310 1004/1/310 1003/1/310
f 386/1/310 387/1/310 1005/1/310 1004/1/310
f 387/1/311 388/1/311 1006/1/311 1005/1/311
f 388/1/312 389/1/312 1007/1/312 1006/1/312
f 389/1/312 390/1/312 1008/1/312 1007/1/312
f 390/1/313 391/1/313 1009/1/313 1008/1/313
f 391/1/314 392/1/314 1010/1/314 1009/1/314
f 392/1/314 393/1/314 1011/1/314 1010/1/314
f 393/1/315 394/1/315 1012/1/315 1011/1/315
f 394/1/316 395/1/316 1013/1/316 1012/1/316
f 395/1/317 396/1/317 1014/1/317 1013/1/317
f 396/1/318 397/1/318 1015/1/318 1014/1/318
f 397/1/319 398/1/319 1016/1/319 1015/1/319
f 398/1/319 399/1/319 1017/1/319 1016/1/319
f 399/1/320 400/1/320 1018/1/320 1017/1/320
f 400/1/321 401/1/321 1019/1/321 1018/1/321
f 401/1/321 402/1/321 1020/1/321 1019/1/321
f 402/1/322 403/1/322 1021/1/322 1020/1/322
f 403/1/323 404/1/323 1022/1/323 1021/1/323
f 404/1/323 405/1/323 1023/1/323 1022/1/323
f 405/1/324 406/1/324 1024/1/324 1023/1/324
f 406/1/325 407/1/325 1025/1/325 1024/1/325
f 407/1/325 408/1/325 1026/1/325 1025/1/325
f 408/1/326 409/1/326 1027/1/326 1026/1/326
f 409/1/327 410/1/327 1028/1/327 1027/1/327
f 410/1/327 411/1/327 1029/1/327 1028/1/327
f 411/1/328 412/1/328 1030/1/328 1029/1/328
f 412/1/329 413/1/329 1031/1/329 1030/1/329
f 413/1/329 414/1/329 1032/1/329 1031/1/329
f 414/1/330 415/1/330 1033/1/330 1032/1/330
f 415/1/331 416/1/331 1034/1/331 1033/1/331
f 416/1/331 417/1/331 1035/1/331 1034/1/331
f 417/1/332 418/1/332 1036/1/332 1035/1/332
f 418/1/333 419/1/333 1037/1/333 1036/1/333
f 419/1/334 420/1/334 1038/1/334 1037/1/334
f 420/1/335 421/1/335 1039/1/335 1038/1/335
f 421/1/336 422/1/336 1040/1/336 1039/1/336
f 422/1/336 423/1/336 1041/1/336 1040/1/336
f 423/1/46 424/1/46 1042/1/46 1041/1/46
f 424/1/46 425/1/46 1043/1/46 1042/1/46
f 425/1/337 426/1/337 1044/1/337 1043/1/337
f 426/1/338 427/1/338 1045/1/338 1044/1/338
f 427/1/338 428/1/338 1046/1/338 1045/1/338
f 428/1/339 429/1/339 1047/1/339 1046/1/339
f 429/1/340 430/1/340 1048/1/340 1047/1/340
f 430/1/340 431/1/340 1049/1/340 1048/1/340
f 431/1/341 432/1/341 1050/1/341 1049/1/341
f 432/1/342 433/1/342 1051/1/342 1050/1/342
f 433/1/343 434/1/343 1052/1/343 1051/1/343
f 434/1/344 435/1/344 1053/1/344 1052/1/344
f 435/1/345 436/1/345 1054/1/345 1053/1/345
f 436/1/346 437/1/346 1055/1/346 1054/1/346
f 437/1/74 438/1/74 1056/1/74 1055/1/74
f 438/1/74 439/1/74 1057/1/74 1056/1/74
f 439/1/347 440/1/347 1058/1/347 1057/1/347
f 440/1/348 441/1/348 1059/1/348 1058/1/348
f 441/1/349 442/1/349 1060/1/349 1059/1/349
f 442/1/48 443/1/48 1061/1/48 1060/1/48
f 443/1/48 444/1/48 1062/1/48 1061/1/48
f 444/1/350 445/1/350 1063/1/350 1062/1/350
f 445/1/204 446/1/204 1064/1/204 1063/1/204
f 446/1/351 447/1/351 1065/1/351 1064/1/351
f 447/1/352 448/1/352 1066/1/352 1065/1/352
f 448/1/204 449/1/204 1067/1/204 1066/1/204
f 449/1/204 450/1/204 1068/1/204 1067/1/204
f 450/1/353 451/1/353 1069/1/353 1068/1/353
f 451/1/354 452/1/354 1070/1/354 1069/1/354
f 452/1/355 453/1/355 1071/1/355 1070/1/355
f 453/1/48 454/1/48 1072/1/48 1071/1/48
f 454/1/48 455/1/48 1073/1/48 1072/1/48
f 455/1/356 456/1/356 1074/1/356 1073/1/356
f 456/1/357 457/1/357 1075/1/357 1074/1/357
f 457/1/358 458/1/358 1076/1/358 1075/1/358
f 458/1/359 459/1/359 1077/1/359 1076/1/359
f 459/1/360 460/1/360 1078/1/360 1077/1/360
f 460/1/360 461/1/360 1079/1/360 1078/1/360
f 461/1/361 462/1/361 1080/1/361 1079/1/361
f 462/1/362 463/1/362 1081/1/362 1080/1/362
f 463/1/362 464/1/362 1082/1/362 1081/1/362
f 464/1/363 465/1/363 1083/1/363 1082/1/363
f 465/1/364 466/1/364 1084/1/364 1083/1/364
f 466/1/364 467/1/364 1085/1/364 1084/1/364
f 467/1/365 468/1/365 1086/1/365 1085/1/365
f 468/1/366 469/1/366 1087/1/366 1086/1/366
f 469/1/366 470/1/366 1088/1/366 1087/1/366
f 470/1/367 471/1/367 1089/1/367 1088/1/367
f 471/1/367 472/1/367 1090/1/367 1089/1/367
f 472/1/368 473/1/368 1091/1/368 1090/1/368
f 473/1/369 474/1/369 1092/1/369 1091/1/369
f 474/1/370 475/1/370 1093/1/370 1092/1/370
f 475/1/371 476/1/371 1094/1/371 1093/1/371
f 476/1/372 477/1/372 1095/1/372 1094/1/372
f 477/1/372 478/1/372 1096/1/372 1095/1/372
f 478/1/373 479/1/373 1097/1/373 1096/1/373
f 479/1/374 480/1/374 1098/1/374 1097/1/374
f 480/1/374 481/1/374 1099/1/374 1098/1/374
f 481/1/375 482/1/375 1100/1/375 1099/1/375
f 482/1/376 483/1/376 1101/1/376 1100/1/376
f 483/1/376 484/1/376 1102/1/376 1101/1/376
f 484/1/377 485/1/377 1103/1/377 1102/1/377
f 485/1/378 486/1/378 1104/1/378 1103/1/378
f 486/1/378 487/1/378 1105/1/378 1104/1/378
f 487/1/379 488/1/379 1106/1/379 1105/1/379
f 488/1/380 489/1/380 1107/1/380 1106/1/380
f 489/1/380 490/1/380 1108/1/380 1107/1/380
f 490/1/381 491/1/381 1109/1/381 1108/1/381
f 491/1/382 492/1/382 1110/1/382 1109/1/382
f 492/1/382 493/1/382 1111/1/382 1110/1/382
f 493/1/383 494/1/383 1112/1/383 1111/1/383
f 494/1/384 495/1/384 1113/1/384 1112/1/384
f 495/1/385 496/1/385 1114/1/385 1113/1/385
f 496/1/386 497/1/386 1115/1/386 1114/1/386
f 497/1/387 498/1/387 1116/1/387 1115/1/387
f 498/1/387 499/1/387 1117/1/387 1116/1/387
f 499/1/388 500/1/388 1118/1/388 1117/1/388
f 500/1/389 501/1/389 1119/1/389 1118/1/389
f 501/1/389 502/1/389 1120/1/389 1119/1/389
f 502/1/390 503/1/390 1121/1/390 1120/1/390
f 503/1/391 504/1/391 1122/1/391 1121/1/391
f 504/1/391 505/1/391 1123/1/391 1122/1/391
f 505/1/392 506/1/392 1124/1/392 1123/1/392
f 506/1/393 507/1/393 1125/1/393 1124/1/393
f 507/1/393 508/1/393 1126/1/393 1125/1/393
f 508/1/394 509/1/394 1127/1/394 1126/1/394
f 509/1/395 510/1/395 1128/1/395 1127/1/395
f 510/1/395 511/1/395 1129/1/395 1128/1/395
f 511/1/396 512/1/396 1130/1/396 1129/1/396
f 512/1/397 513/1/397 1131/1/397 1130/1/397
f 513/1/397 514/1/397 1132/1/397 1131/1/397
f 514/1/398 515/1/398 1133/1/398 1132/1/398
f 515/1/399 516/1/399 1134/1/399 1133/1/399
f 516/1/400 517/1/400 1135/1/400 1134/1/400
f 517/1/401 518/1/401 1136/1/401 1135/1/401
f 518/1/402 519/1/402 1137/1/402 1136/1/402
f 519/1/402 520/1/402 1138/1/402 1137/1/402
f 520/1/403 521/1/403 1139/1/403 1138/1/403
f 521/1/46 522/1/46 1140/1/46 1139/1/46
f 522/1/46 523/1/46 1141/1/46 1140/1/46
f 523/1/404 524/1/404 1142/1/404 1141/1/404
f 524/1/405 525/1/405 1143/1/405 1142/1/405
f 525/1/405 526/1/405 1144/1/405 1143/1/405
f 526/1/406 527/1/406 1145/1/406 1144/1/406
f 527/1/407 528/1/407 1146/1/407 1145/1/407
f 528/1/408 238/1/408 856/1/408 1146/1/408
f 164/1/409 165/1/409 783/1/409 782/1/409
f 151/1/410 618/1/410 1236/1/410 769/1/410
f 616/1/500 152/1/500 770/1/500 1234/1/500
f 617/1/501 616/1/501 1234/1/501 1235/1/501
f 618/1/502 617/1/502 1235/1/502 1236/1/502
usemtl Material.003
f 584/1/2 26/1/2 27/1/2 583/1/2
f 585/1/2 25/1/2 26/1/2 584/1/2
f 582/1/2 28/1/2 29/1/2 581/1/2
f 581/1/2 29/1/2 30/1/2 580/1/2
f 588/1/2 22/1/2 23/1/2 587/1/2
f 587/1/2 23/1/2 24/1/2 586/1/2
f 580/1/2 30/1/2 31/1/2 579/1/2
f 589/1/2 21/1/2 22/1/2 588/1/2
f 590/1/2 20/1/2 21/1/2 589/1/2
f 586/1/2 24/1/2 25/1/2 585/1/2
f 583/1/2 27/1/2 28/1/2 582/1/2
f 579/1/2 31/1/2 32/1/2 578/1/2
f 550/1/2 570/1/2 549/1/2 529/1/2
f 570/1/2 569/1/2 548/1/2 549/1/2
f 569/1/2 568/1/2 547/1/2 548/1/2
f 568/1/2 567/1/2 546/1/2 547/1/2
f 567/1/2 566/1/2 545/1/2 546/1/2
f 566/1/2 565/1/2 544/1/2 545/1/2
f 565/1/2 564/1/2 543/1/2 544/1/2
f 564/1/2 563/1/2 542/1/2 543/1/2
f 563/1/2 562/1/2 541/1/2 542/1/2
f 562/1/2 561/1/2 540/1/2 541/1/2
f 561/1/2 560/1/2 539/1/2 540/1/2
f 560/1/2 559/1/2 538/1/2 539/1/2
f 559/1/2 558/1/2 537/1/2 538/1/2
f 558/1/2 557/1/2 536/1/2 537/1/2
f 557/1/2 556/1/2 535/1/2 536/1/2
f 556/1/2 555/1/2 534/1/2 535/1/2
f 555/1/2 554/1/2 533/1/2 534/1/2
f 554/1/2 553/1/2 532/1/2 533/1/2
f 553/1/2 552/1/2 531/1/2 532/1/2
f 552/1/2 551/1/2 530/1/2 531/1/2
f 551/1/2 550/1/2 529/1/2 530/1/2
f 578/1/2 32/1/2 33/1/2 577/1/2
f 577/1/2 33/1/2 34/1/2 576/1/2
f 576/1/2 34/1/2 35/1/2 575/1/2
f 575/1/2 35/1/2 36/1/2 574/1/2
f 574/1/2 36/1/2 37/1/2 573/1/2
f 573/1/2 37/1/2 38/1/2 572/1/2
f 572/1/2 38/1/2 39/1/2 571/1/2
f 571/1/2 39/1/2 20/1/2 590/1/2
f 595/1/2 15/1/2 16/1/2 594/1/2
f 594/1/2 16/1/2 17/1/2 593/1/2
f 593/1/2 17/1/2 18/1/2 592/1/2
f 592/1/2 18/1/2 19/1/2 591/1/2
f 591/1/2 19/1/2 41/1/2 614/1/2
f 614/1/2 41/1/2 42/1/2 613/1/2
f 613/1/2 42/1/2 43/1/2 612/1/2
f 612/1/2 43/1/2 44/1/2 611/1/2
f 611/1/2 44/1/2 45/1/2 610/1/2
f 610/1/2 45/1/2 1/1/2 609/1/2
f 609/1/2 1/1/2 2/1/2 608/1/2
f 608/1/2 2/1/2 3/1/2 607/1/2
f 607/1/2 3/1/2 4/1/2 606/1/2
f 606/1/2 4/1/2 5/1/2 605/1/2
f 605/1/2 5/1/2 40/1/2 615/1/2
f 615/1/2 40/1/2 6/1/2 604/1/2
f 604/1/2 6/1/2 7/1/2 603/1/2
f 603/1/2 7/1/2 8/1/2 602/1/2
f 602/1/2 8/1/2 9/1/2 601/1/2
f 601/1/2 9/1/2 10/1/2 600/1/2
f 600/1/2 10/1/2 11/1/2 599/1/2
f 599/1/2 11/1/2 12/1/2 598/1/2
f 598/1/2 12/1/2 13/1/2 597/1/2
f 597/1/2 13/1/2 14/1/2 596/1/2
f 596/1/2 14/1/2 15/1/2 595/1/2
f 1202/1/4 1201/1/4 645/1/4 644/1/4
f 1203/1/4 1202/1/4 644/1/4 643/1/4
f 1200/1/4 1199/1/4 647/1/4 646/1/4
f 1199/1/4 1198/1/4 648/1/4 647/1/4
f 1206/1/4 1205/1/4 641/1/4 640/1/4
f 1205/1/4 1204/1/4 642/1/4 641/1/4
f 1198/1/4 1197/1/4 649/1/4 648/1/4
f 1207/1/4 1206/1/4 640/1/4 639/1/4
f 1208/1/4 1207/1/4 639/1/4 638/1/4
f 1204/1/4 1203/1/4 643/1/4 642/1/4
f 1201/1/4 1200/1/4 646/1/4 645/1/4
f 1197/1/4 1196/1/4 650/1/4 649/1/4
f 1168/1/4 1147/1/4 1167/1/4 1188/1/4
f 1188/1/4 1167/1/4 1166/1/4 1187/1/4
f 1187/1/4 1166/1/4 1165/1/4 1186/1/4
f 1186/1/4 1165/1/4 1164/1/4 1185/1/4
f 1185/1/4 1164/1/4 1163/1/4 1184/1/4
f 1184/1/4 1163/1/4 1162/1/4 1183/1/4
f 1183/1/4 1162/1/4 1161/1/4 1182/1/4
f 1182/1/4 1161/1/4 1160/1/4 1181/1/4
f 1181/1/4 1160/1/4 1159/1/4 1180/1/4
f 1180/1/4 1159/1/4 1158/1/4 1179/1/4
f 1179/1/4 1158/1/4 1157/1/4 1178/1/4
f 1178/1/4 1157/1/4 1156/1/4 1177/1/4
f 1177/1/4 1156/1/4 1155/1/4 1176/1/4
f 1176/1/4 1155/1/4 1154/1/4 1175/1/4
f 1175/1/4 1154/1/4 1153/1/4 1174/1/4
f 1174/1/4 1153/1/4 1152/1/4 1173/1/4
f 1173/1/4 1152/1/4 1151/1/4 1172/1/4
f 1172/1/4 1151/1/4 1150/1/4 1171/1/4
f 1171/1/4 1150/1/4 1149/1/4 1170/1/4
f 1170/1/4 1149/1/4 1148/1/4 1169/1/4
f 1169/1/4 1148/1/4 1147/1/4 1168/1/4
f 1196/1/4 1195/1/4 651/1/4 650/1/4
f 1195/1/4 1194/1/4 652/1/4 651/1/4
f 1194/1/4 1193/1/4 653/1/4 652/1/4
f 1193/1/4 1192/1/4 654/1/4 653/1/4
f 1192/1/4 1191/1/4 655/1/4 654/1/4
f 1191/1/4 1190/1/4 656/1/4 655/1/4
f 1190/1/4 1189/1/4 657/1/4 656/1/4
f 1189/1/4 1208/1/4 638/1/4 657/1/4
f 1213/1/4 1212/1/4 634/1/4 633/1/4
f 1212/1/4 1211/1/4 635/1/4 634/1/4
f 1211/1/4 1210/1/4 636/1/4 635/1/4
f 1210/1/4 1209/1/4 637/1/4 636/1/4
f 1209/1/4 1232/1/4 659/1/4 637/1/4
f 1232/1/4 1231/1/4 660/1/4 659/1/4
f 1231/1/4 1230/1/4 661/1/4 660/1/4
f 1230/1/4 1229/1/4 662/1/4 661/1/4
f 1229/1/4 1228/1/4 663/1/4 662/1/4
f 1228/1/4 1227/1/4 619/1/4 663/1/4
f 1227/1/4 1226/1/4 620/1/4 619/1/4
f 1226/1/4 1225/1/4 621/1/4 620/1/4
f 1225/1/4 1224/1/4 622/1/4 621/1/4
f 1224/1/4 1223/1/4 623/1/4 622/1/4
f 1223/1/4 1233/1/4 658/1/4 623/1/4
f 1233/1/4 1222/1/4 624/1/4 658/1/4
f 1222/1/4 1221/1/4 625/1/4 624/1/4
f 1221/1/4 1220/1/4 626/1/4 625/1/4
f 1220/1/4 1219/1/4 627/1/4 626/1/4
f 1219/1/4 1218/1/4 628/1/4 627/1/4
f 1218/1/4 1217/1/4 629/1/4 628/1/4
f 1217/1/4 1216/1/4 630/1/4 629/1/4
f 1216/1/4 1215/1/4 631/1/4 630/1/4
f 1215/1/4 1214/1/4 632/1/4 631/1/4
f 1214/1/4 1213/1/4 633/1/4 632/1/4
f 15/1/5 14/1/5 632/1/5 633/1/5
f 17/1/6 16/1/6 634/1/6 635/1/6
f 18/1/7 17/1/7 635/1/7 636/1/7
f 19/1/8 18/1/8 636/1/8 637/1/8
f 16/1/9 15/1/9 633/1/9 634/1/9
f 20/1/10 39/1/10 657/1/10 638/1/10
f 21/1/11 20/1/11 638/1/11 639/1/11
f 23/1/12 22/1/12 640/1/12 641/1/12
f 24/1/13 23/1/13 641/1/13 642/1/13
f 25/1/14 24/1/14 642/1/14 643/1/14
f 27/1/15 26/1/15 644/1/15 645/1/15
f 28/1/16 27/1/16 645/1/16 646/1/16
f 29/1/17 28/1/17 646/1/17 647/1/17
f 30/1/18 29/1/18 647/1/18 648/1/18
f 31/1/19 30/1/19 648/1/19 649/1/19
f 34/1/20 33/1/20 651/1/20 652/1/20
f 35/1/21 34/1/21 652/1/21 653/1/21
f 36/1/22 35/1/22 653/1/22 654/1/22
f 37/1/23 36/1/23 654/1/23 655/1/23
f 38/1/24 37/1/24 655/1/24 656/1/24
f 39/1/25 38/1/25 656/1/25 657/1/25
f 6/1/26 40/1/26 658/1/26 624/1/26
f 40/1/27 5/1/27 623/1/27 658/1/27
f 41/1/28 19/1/28 637/1/28 659/1/28
f 42/1/29 41/1/29 659/1/29 660/1/29
f 43/1/30 42/1/30 660/1/30 661/1/30
f 44/1/31 43/1/31 661/1/31 662/1/31
f 45/1/32 44/1/32 662/1/32 663/1/32
f 1/1/33 45/1/33 663/1/33 619/1/33
f 2/1/34 1/1/34 619/1/34 620/1/34
f 3/1/35 2/1/35 620/1/35 621/1/35
f 4/1/36 3/1/36 621/1/36 622/1/36
f 7/1/37 6/1/37 624/1/37 625/1/37
f 8/1/38 7/1/38 625/1/38 626/1/38
f 10/1/39 9/1/39 627/1/39 628/1/39
f 11/1/40 10/1/40 628/1/40 629/1/40
f 12/1/41 11/1/41 629/1/41 630/1/41
f 13/1/42 12/1/42 630/1/42 631/1/42
f 14/1/43 13/1/43 631/1/43 632/1/43
f 9/1/411 8/1/411 626/1/411 627/1/411
f 22/1/412 21/1/412 639/1/412 640/1/412
f 26/1/234 25/1/234 643/1/234 644/1/234
f 5/1/413 4/1/413 622/1/413 623/1/413
f 32/1/414 31/1/414 649/1/414 650/1/414
f 33/1/415 32/1/415 650/1/415 651/1/415
f 530/1/416 529/1/416 1147/1/416 1148/1/416
f 531/1/417 530/1/417 1148/1/417 1149/1/417
f 532/1/418 531/1/418 1149/1/418 1150/1/418
f 533/1/419 532/1/419 1150/1/419 1151/1/419
f 534/1/420 533/1/420 1151/1/420 1152/1/420
f 535/1/421 534/1/421 1152/1/421 1153/1/421
f 536/1/422 535/1/422 1153/1/422 1154/1/422
f 537/1/423 536/1/423 1154/1/423 1155/1/423
f 538/1/424 537/1/424 1155/1/424 1156/1/424
f 539/1/425 538/1/425 1156/1/425 1157/1/425
f 540/1/426 539/1/426 1157/1/426 1158/1/426
f 541/1/427 540/1/427 1158/1/427 1159/1/427
f 542/1/428 541/1/428 1159/1/428 1160/1/428
f 543/1/429 542/1/429 1160/1/429 1161/1/429
f 544/1/430 543/1/430 1161/1/430 1162/1/430
f 545/1/431 544/1/431 1162/1/431 1163/1/431
f 546/1/432 545/1/432 1163/1/432 1164/1/432
f 547/1/433 546/1/433 1164/1/433 1165/1/433
f 548/1/48 547/1/48 1165/1/48 1166/1/48
f 549/1/434 548/1/434 1166/1/434 1167/1/434
f 529/1/435 549/1/435 1167/1/435 1147/1/435
f 550/1/436 551/1/436 1169/1/436 1168/1/436
f 551/1/437 552/1/437 1170/1/437 1169/1/437
f 552/1/438 553/1/438 1171/1/438 1170/1/438
f 553/1/439 554/1/439 1172/1/439 1171/1/439
f 554/1/440 555/1/440 1173/1/440 1172/1/440
f 555/1/441 556/1/441 1174/1/441 1173/1/441
f 556/1/442 557/1/442 1175/1/442 1174/1/442
f 557/1/443 558/1/443 1176/1/443 1175/1/443
f 558/1/444 559/1/444 1177/1/444 1176/1/444
f 559/1/445 560/1/445 1178/1/445 1177/1/445
f 560/1/446 561/1/446 1179/1/446 1178/1/446
f 561/1/447 562/1/447 1180/1/447 1179/1/447
f 562/1/448 563/1/448 1181/1/448 1180/1/448
f 563/1/449 564/1/449 1182/1/449 1181/1/449
f 564/1/450 565/1/450 1183/1/450 1182/1/450
f 565/1/451 566/1/451 1184/1/451 1183/1/451
f 566/1/452 567/1/452 1185/1/452 1184/1/452
f 567/1/453 568/1/453 1186/1/453 1185/1/453
f 568/1/74 569/1/74 1187/1/74 1186/1/74
f 569/1/454 570/1/454 1188/1/454 1187/1/454
f 570/1/455 550/1/455 1168/1/455 1188/1/455
f 572/1/456 571/1/456 1189/1/456 1190/1/456
f 573/1/457 572/1/457 1190/1/457 1191/1/457
f 574/1/458 573/1/458 1191/1/458 1192/1/458
f 575/1/459 574/1/459 1192/1/459 1193/1/459
f 576/1/460 575/1/460 1193/1/460 1194/1/460
f 577/1/461 576/1/461 1194/1/461 1195/1/461
f 578/1/462 577/1/462 1195/1/462 1196/1/462
f 579/1/463 578/1/463 1196/1/463 1197/1/463
f 580/1/464 579/1/464 1197/1/464 1198/1/464
f 581/1/465 580/1/465 1198/1/465 1199/1/465
f 582/1/466 581/1/466 1199/1/466 1200/1/466
f 583/1/467 582/1/467 1200/1/467 1201/1/467
f 584/1/468 583/1/468 1201/1/468 1202/1/468
f 586/1/469 585/1/469 1203/1/469 1204/1/469
f 585/1/470 584/1/470 1202/1/470 1203/1/470
f 587/1/471 586/1/471 1204/1/471 1205/1/471
f 588/1/472 587/1/472 1205/1/472 1206/1/472
f 589/1/473 588/1/473 1206/1/473 1207/1/473
f 590/1/474 589/1/474 1207/1/474 1208/1/474
f 571/1/475 590/1/475 1208/1/475 1189/1/475
f 592/1/476 591/1/476 1209/1/476 1210/1/476
f 593/1/477 592/1/477 1210/1/477 1211/1/477
f 594/1/478 593/1/478 1211/1/478 1212/1/478
f 595/1/479 594/1/479 1212/1/479 1213/1/479
f 596/1/366 595/1/366 1213/1/366 1214/1/366
f 597/1/480 596/1/480 1214/1/480 1215/1/480
f 598/1/481 597/1/481 1215/1/481 1216/1/481
f 599/1/482 598/1/482 1216/1/482 1217/1/482
f 600/1/483 599/1/483 1217/1/483 1218/1/483
f 601/1/484 600/1/484 1218/1/484 1219/1/484
f 602/1/485 601/1/485 1219/1/485 1220/1/485
f 603/1/486 602/1/486 1220/1/486 1221/1/486
f 604/1/487 603/1/487 1221/1/487 1222/1/487
f 606/1/488 605/1/488 1223/1/488 1224/1/488
f 607/1/489 606/1/489 1224/1/489 1225/1/489
f 608/1/490 607/1/490 1225/1/490 1226/1/490
f 609/1/491 608/1/491 1226/1/491 1227/1/491
f 610/1/492 609/1/492 1227/1/492 1228/1/492
f 611/1/493 610/1/493 1228/1/493 1229/1/493
f 612/1/494 611/1/494 1229/1/494 1230/1/494
f 613/1/495 612/1/495 1230/1/495 1231/1/495
f 614/1/496 613/1/496 1231/1/496 1232/1/496
f 591/1/497 614/1/497 1232/1/497 1209/1/497
f 605/1/498 615/1/498 1233/1/498 1223/1/498
f 615/1/499 604/1/499 1222/1/499 1233/1/499
o Trace_Object.002
v -1.384104 0.000000 -0.140368
v -1.231417 0.000000 -0.139171
v -1.623174 0.000000 -0.140407
v -2.005854 0.000000 -0.140468
v -2.005854 -0.000000 0.279776
v -2.005854 -0.000000 0.540232
v -2.004627 -0.000000 0.698901
v -2.002626 -0.000000 0.697077
v -2.000851 -0.000000 0.695459
v -1.916950 -0.000000 0.525511
v -1.816178 -0.000000 0.319415
v -1.632958 0.000000 -0.055304
v -1.511880 0.000000 -0.056118
v -1.445287 0.000000 -0.056566
v -1.390803 0.000000 -0.055869
v -1.390804 0.000000 -0.054570
v -1.390805 0.000000 -0.053271
v -1.416461 -0.000000 0.013148
v -1.447817 -0.000000 0.093026
v -1.479173 -0.000000 0.172905
v -1.504829 -0.000000 0.240045
v -1.504829 -0.000000 0.242226
v -1.504829 -0.000000 0.245187
v -1.496847 -0.000000 0.244278
v -1.473329 -0.000000 0.238637
v -1.456005 -0.000000 0.234482
v -1.429960 -0.000000 0.227422
v -1.415452 -0.000000 0.222948
v -1.400944 -0.000000 0.218474
v -1.375088 -0.000000 0.209309
v -1.357993 -0.000000 0.202582
v -1.340899 -0.000000 0.195854
v -1.316798 -0.000000 0.185338
v -1.304435 -0.000000 0.179213
v -1.292073 -0.000000 0.173088
v -1.270811 -0.000000 0.161399
v -1.257187 -0.000000 0.153237
v -1.243562 -0.000000 0.145076
v -1.222920 -0.000000 0.131316
v -1.211314 -0.000000 0.122660
v -1.199709 -0.000000 0.114004
v -1.181589 -0.000000 0.097596
v -1.171047 -0.000000 0.086198
v -1.160506 -0.000000 0.074799
v -1.145883 -0.000000 0.054324
v -1.138553 -0.000000 0.040698
v -1.131223 -0.000000 0.027072
v -1.123399 -0.000000 0.007396
v -1.121167 0.000000 -0.003027
v -1.118934 0.000000 -0.013450
v -1.117659 0.000000 -0.034396
v -1.118333 0.000000 -0.049575
v -1.119313 0.000000 -0.071674
v -1.121315 0.000000 -0.080232
v -1.128384 0.000000 -0.092533
v -1.133244 0.000000 -0.100990
v -1.143791 0.000000 -0.112392
v -1.151853 0.000000 -0.117903
v -1.159906 0.000000 -0.123408
v -1.172260 0.000000 -0.129302
v -1.179307 0.000000 -0.131000
v -1.186354 0.000000 -0.132698
v -1.203004 0.000000 -0.135496
v -1.216307 0.000000 -0.137217
v -0.956677 0.000000 -0.267992
v -0.985047 0.000000 -0.273189
v -1.013417 0.000000 -0.278386
v -1.055288 0.000000 -0.285090
v -1.078093 0.000000 -0.288089
v -1.115643 0.000000 -0.293025
v -1.161393 0.000000 -0.293635
v -1.562706 0.000000 -0.294546
v -2.005854 0.000000 -0.295553
v -2.005854 0.000000 -0.512212
v -2.005854 0.000000 -0.643572
v -2.004590 0.000000 -0.728871
v -2.002644 0.000000 -0.728871
v -2.000878 0.000000 -0.728871
v -1.747039 0.000000 -0.622178
v -1.438558 0.000000 -0.491776
v -1.130077 0.000000 -0.361373
v -0.876205 0.000000 -0.253370
v -0.874400 0.000000 -0.251769
v -0.872336 0.000000 -0.249939
v -0.872977 0.000000 -0.248997
v -0.876128 0.000000 -0.249231
v -0.878883 0.000000 -0.249436
v -0.892911 0.000000 -0.252785
v -0.907301 0.000000 -0.256672
v -0.921691 0.000000 -0.260560
v -1.684261 -0.000000 0.645995
v -1.637504 -0.000000 0.545188
v -1.722516 -0.000000 0.729457
v -1.722516 -0.000000 0.730661
v -1.722516 -0.000000 0.731864
v -1.386449 -0.000000 0.582247
v -0.975700 -0.000000 0.398179
v -0.564952 -0.000000 0.214111
v -0.230258 -0.000000 0.062409
v -0.231936 -0.000000 0.061064
v -0.233614 -0.000000 0.059719
v -0.357221 -0.000000 0.000585
v -0.506617 0.000000 -0.070345
v -0.656013 0.000000 -0.141275
v -0.779746 0.000000 -0.199308
v -0.781579 0.000000 -0.199308
v -0.783412 0.000000 -0.199308
v -0.788177 0.000000 -0.196173
v -0.792168 0.000000 -0.192340
v -0.796159 0.000000 -0.188508
v -0.800311 0.000000 -0.181889
v -0.801393 0.000000 -0.177630
v -0.802476 0.000000 -0.173372
v -0.805766 0.000000 -0.150722
v -0.808704 0.000000 -0.127297
v -0.811642 0.000000 -0.103872
v -0.817028 0.000000 -0.074257
v -0.820673 0.000000 -0.061487
v -0.824317 0.000000 -0.048716
v -0.835914 0.000000 -0.023287
v -0.846443 0.000000 -0.004978
v -0.856973 -0.000000 0.013331
v -0.875646 -0.000000 0.040853
v -0.887939 -0.000000 0.056182
v -0.900232 -0.000000 0.071512
v -0.922160 -0.000000 0.095602
v -0.936669 -0.000000 0.109716
v -0.951178 -0.000000 0.123830
v -0.975717 -0.000000 0.144922
v -0.991200 -0.000000 0.156588
v -1.006684 -0.000000 0.168254
v -1.032535 -0.000000 0.185693
v -1.048648 -0.000000 0.195342
v -1.064760 -0.000000 0.204991
v -1.100523 -0.000000 0.223126
v -1.128121 -0.000000 0.235642
v -1.155718 -0.000000 0.248157
v -1.197723 -0.000000 0.265711
v -1.221465 -0.000000 0.274649
v -1.245207 -0.000000 0.283587
v -1.291854 -0.000000 0.298943
v -1.325126 -0.000000 0.308773
v -1.358397 -0.000000 0.318602
v -1.413607 -0.000000 0.332905
v -1.447815 -0.000000 0.340556
v -1.482023 -0.000000 0.348207
v -1.519570 -0.000000 0.356140
v -1.531252 -0.000000 0.358185
v -1.552493 -0.000000 0.361903
v -1.922062 -0.000000 0.801071
v -1.867806 -0.000000 0.801132
v -2.005854 -0.000000 0.800977
v -2.005854 -0.000000 0.830397
v -2.005854 -0.000000 0.846578
v -2.004688 -0.000000 0.859811
v -2.003263 -0.000000 0.859803
v -2.001837 -0.000000 0.859796
v -1.966644 -0.000000 0.847916
v -1.925055 -0.000000 0.833402
v -1.883466 -0.000000 0.818889
v -1.846925 -0.000000 0.805698
v -1.843854 -0.000000 0.804089
v -1.840238 -0.000000 0.802196
v -1.384104 -0.112465 -0.140368
v -1.231417 -0.112465 -0.139171
v -1.623174 -0.112465 -0.140407
v -2.005854 -0.112465 -0.140468
v -2.005854 -0.112465 0.279776
v -2.005854 -0.112465 0.540232
v -2.004627 -0.112465 0.698901
v -2.002626 -0.112465 0.697077
v -2.000851 -0.112465 0.695459
v -1.916950 -0.112465 0.525511
v -1.816178 -0.112465 0.319415
v -1.632958 -0.112465 -0.055304
v -1.511880 -0.112465 -0.056118
v -1.445287 -0.112465 -0.056566
v -1.390803 -0.112465 -0.055869
v -1.390804 -0.112465 -0.054570
v -1.390805 -0.112465 -0.053271
v -1.416461 -0.112465 0.013148
v -1.447817 -0.112465 0.093026
v -1.479173 -0.112465 0.172905
v -1.504829 -0.112465 0.240045
v -1.504829 -0.112465 0.242226
v -1.504829 -0.112465 0.245187
v -1.496847 -0.112465 0.244278
v -1.473329 -0.112465 0.238637
v -1.456005 -0.112465 0.234482
v -1.429960 -0.112465 0.227422
v -1.415452 -0.112465 0.222948
v -1.400944 -0.112465 0.218474
v -1.375088 -0.112465 0.209309
v -1.357993 -0.112465 0.202582
v -1.340899 -0.112465 0.195854
v -1.316798 -0.112465 0.185338
v -1.304435 -0.112465 0.179213
v -1.292073 -0.112465 0.173088
v -1.270811 -0.112465 0.161399
v -1.257187 -0.112465 0.153237
v -1.243562 -0.112465 0.145076
v -1.222920 -0.112465 0.131316
v -1.211314 -0.112465 0.122660
v -1.199709 -0.112465 0.114004
v -1.181589 -0.112465 0.097596
v -1.171047 -0.112465 0.086197
v -1.160506 -0.112465 0.074799
v -1.145883 -0.112465 0.054324
v -1.138553 -0.112465 0.040698
v -1.131223 -0.112465 0.027072
v -1.123399 -0.112465 0.007396
v -1.121167 -0.112465 -0.003027
v -1.118934 -0.112465 -0.013450
v -1.117659 -0.112465 -0.034396
v -1.118333 -0.112465 -0.049575
v -1.119313 -0.112465 -0.071674
v -1.121315 -0.112465 -0.080232
v -1.128384 -0.112465 -0.092533
v -1.133244 -0.112465 -0.100990
v -1.143791 -0.112465 -0.112392
v -1.151853 -0.112465 -0.117903
v -1.159906 -0.112465 -0.123408
v -1.172260 -0.112465 -0.129302
v -1.179307 -0.112465 -0.131000
v -1.186354 -0.112465 -0.132698
v -1.203004 -0.112465 -0.135496
v -1.216307 -0.112465 -0.137217
v -0.956677 -0.112465 -0.267992
v -0.985047 -0.112465 -0.273189
v -1.013417 -0.112465 -0.278386
v -1.055288 -0.112465 -0.285090
v -1.078093 -0.112465 -0.288089
v -1.115643 -0.112465 -0.293025
v -1.161393 -0.112465 -0.293635
v -1.562706 -0.112465 -0.294546
v -2.005854 -0.112465 -0.295553
v -2.005854 -0.112465 -0.512212
v -2.005854 -0.112465 -0.643572
v -2.004590 -0.112465 -0.728871
v -2.002644 -0.112465 -0.728871
v -2.000878 -0.112465 -0.728871
v -1.747039 -0.112465 -0.622178
v -1.438558 -0.112465 -0.491776
v -1.130077 -0.112465 -0.361373
v -0.876205 -0.112465 -0.253370
v -0.874400 -0.112465 -0.251769
v -0.872336 -0.112465 -0.249939
v -0.872977 -0.112465 -0.248997
v -0.876128 -0.112465 -0.249231
v -0.878883 -0.112465 -0.249436
v -0.892911 -0.112465 -0.252785
v -0.907301 -0.112465 -0.256672
v -0.921691 -0.112465 -0.260560
v -1.684261 -0.112465 0.645995
v -1.637504 -0.112465 0.545188
v -1.722516 -0.112465 0.729457
v -1.722516 -0.112465 0.730661
v -1.722516 -0.112465 0.731864
v -1.386449 -0.112465 0.582247
v -0.975700 -0.112465 0.398179
v -0.564952 -0.112465 0.214111
v -0.230258 -0.112465 0.062409
v -0.231936 -0.112465 0.061064
v -0.233614 -0.112465 0.059719
v -0.357221 -0.112465 0.000585
v -0.506617 -0.112465 -0.070345
v -0.656013 -0.112465 -0.141275
v -0.779746 -0.112465 -0.199308
v -0.781579 -0.112465 -0.199308
v -0.783412 -0.112465 -0.199308
v -0.788177 -0.112465 -0.196173
v -0.792168 -0.112465 -0.192340
v -0.796159 -0.112465 -0.188508
v -0.800311 -0.112465 -0.181889
v -0.801393 -0.112465 -0.177630
v -0.802476 -0.112465 -0.173372
v -0.805766 -0.112465 -0.150722
v -0.808704 -0.112465 -0.127297
v -0.811642 -0.112465 -0.103872
v -0.817028 -0.112465 -0.074257
v -0.820673 -0.112465 -0.061487
v -0.824317 -0.112465 -0.048716
v -0.835914 -0.112465 -0.023287
v -0.846443 -0.112465 -0.004978
v -0.856973 -0.112465 0.013331
v -0.875646 -0.112465 0.040853
v -0.887939 -0.112465 0.056182
v -0.900232 -0.112465 0.071512
v -0.922160 -0.112465 0.095602
v -0.936669 -0.112465 0.109716
v -0.951178 -0.112465 0.123830
v -0.975717 -0.112465 0.144922
v -0.991200 -0.112465 0.156588
v -1.006684 -0.112465 0.168254
v -1.032535 -0.112465 0.185693
v -1.048648 -0.112465 0.195342
v -1.064760 -0.112465 0.204991
v -1.100523 -0.112465 0.223126
v -1.128121 -0.112465 0.235642
v -1.155718 -0.112465 0.248157
v -1.197723 -0.112465 0.265711
v -1.221465 -0.112465 0.274649
v -1.245207 -0.112465 0.283587
v -1.291854 -0.112465 0.298943
v -1.325126 -0.112465 0.308773
v -1.358397 -0.112465 0.318602
v -1.413607 -0.112465 0.332905
v -1.447815 -0.112465 0.340556
v -1.482023 -0.112465 0.348207
v -1.519570 -0.112465 0.356140
v -1.531252 -0.112465 0.358185
v -1.552493 -0.112465 0.361903
v -1.922062 -0.112465 0.801071
v -1.867806 -0.112465 0.801132
v -2.005854 -0.112465 0.800977
v -2.005854 -0.112465 0.830397
v -2.005854 -0.112465 0.846578
v -2.004688 -0.112465 0.859811
v -2.003263 -0.112465 0.859803
v -2.001837 -0.112465 0.859796
v -1.966644 -0.112465 0.847916
v -1.925055 -0.112465 0.833402
v -1.883466 -0.112465 0.818889
v -1.846925 -0.112465 0.805698
v -1.843854 -0.112465 0.804089
v -1.840238 -0.112465 0.802196
vn -0.0000 1.0000 -0.0000
vn -0.0000 -1.0000 -0.0000
vn 0.0078 -0.0000 -1.0000
vn 0.0002 -0.0000 -1.0000
vn -1.0000 -0.0000 -0.0000
vn -1.0000 -0.0000 0.0077
vn 0.6736 -0.0000 0.7391
vn 0.8967 -0.0000 0.4427
vn 0.8984 -0.0000 0.4393
vn 0.0067 -0.0000 1.0000
vn -0.0128 -0.0000 0.9999
vn -1.0000 -0.0000 -0.0008
vn -1.0000 -0.0000 -0.0007
vn -0.9328 -0.0000 -0.3603
vn -0.9308 -0.0000 -0.3654
vn -0.9341 -0.0000 -0.3569
vn 0.1132 -0.0000 0.9936
vn 0.2332 -0.0000 0.9724
vn 0.2616 -0.0000 0.9652
vn 0.2947 -0.0000 0.9556
vn 0.3341 -0.0000 0.9425
vn 0.3662 -0.0000 0.9305
vn 0.3999 -0.0000 0.9166
vn 0.4440 -0.0000 0.8960
vn 0.4818 -0.0000 0.8763
vn 0.5139 -0.0000 0.8579
vn 0.5546 -0.0000 0.8321
vn 0.5979 -0.0000 0.8016
vn 0.6712 -0.0000 0.7413
vn 0.7342 -0.0000 0.6790
vn 0.8138 -0.0000 0.5812
vn 0.8807 -0.0000 0.4738
vn 0.9292 -0.0000 0.3695
vn 0.9778 -0.0000 0.2094
vn 0.9982 -0.0000 0.0608
vn 0.9990 -0.0000 -0.0443
vn 0.9737 -0.0000 -0.2278
vn 0.8670 -0.0000 -0.4982
vn 0.7341 -0.0000 -0.6791
vn 0.5643 -0.0000 -0.8255
vn 0.4306 -0.0000 -0.9026
vn 0.2343 -0.0000 -0.9722
vn 0.1657 -0.0000 -0.9862
vn 0.1283 -0.0000 -0.9917
vn -0.1802 -0.0000 0.9836
vn -0.1581 -0.0000 0.9874
vn -0.1303 -0.0000 0.9915
vn -0.0133 -0.0000 0.9999
vn -0.0023 -0.0000 1.0000
vn -0.9999 -0.0000 -0.0148
vn -0.0000 -0.0000 -1.0000
vn 0.3875 -0.0000 -0.9219
vn 0.3894 -0.0000 -0.9211
vn 0.3915 -0.0000 -0.9202
vn 0.6635 -0.0000 -0.7482
vn 0.8267 -0.0000 0.5627
vn -0.0743 -0.0000 0.9972
vn -0.2322 -0.0000 0.9727
vn -0.2608 -0.0000 0.9654
vn -0.2078 -0.0000 0.9782
vn -0.9072 -0.0000 -0.4208
vn -0.9091 -0.0000 -0.4167
vn 0.4067 -0.0000 0.9136
vn 0.4089 -0.0000 0.9126
vn 0.4128 -0.0000 0.9108
vn 0.6255 -0.0000 -0.7803
vn 0.4316 -0.0000 -0.9021
vn 0.4289 -0.0000 -0.9034
vn 0.4246 -0.0000 -0.9054
vn -0.5497 -0.0000 -0.8354
vn -0.6926 -0.0000 -0.7213
vn -0.8472 -0.0000 -0.5313
vn -0.9692 -0.0000 -0.2464
vn -0.9896 -0.0000 -0.1437
vn -0.9922 -0.0000 -0.1245
vn -0.9839 -0.0000 -0.1789
vn -0.9616 -0.0000 -0.2744
vn -0.9098 -0.0000 -0.4149
vn -0.8669 -0.0000 -0.4985
vn -0.8275 -0.0000 -0.5614
vn -0.7801 -0.0000 -0.6256
vn -0.7395 -0.0000 -0.6732
vn -0.6973 -0.0000 -0.7168
vn -0.6518 -0.0000 -0.7584
vn -0.6018 -0.0000 -0.7987
vn -0.5592 -0.0000 -0.8290
vn -0.5138 -0.0000 -0.8579
vn -0.4523 -0.0000 -0.8919
vn -0.4130 -0.0000 -0.9107
vn -0.3856 -0.0000 -0.9227
vn -0.3523 -0.0000 -0.9359
vn -0.3127 -0.0000 -0.9499
vn -0.2833 -0.0000 -0.9590
vn -0.2508 -0.0000 -0.9680
vn -0.2183 -0.0000 -0.9759
vn -0.2067 -0.0000 -0.9784
vn -0.1724 -0.0000 -0.9850
vn 0.0011 -0.0000 -1.0000
vn -0.9961 -0.0000 0.0878
vn 0.0052 -0.0000 1.0000
vn 0.0051 -0.0000 1.0000
vn 0.3198 -0.0000 0.9475
vn 0.3295 -0.0000 0.9442
vn 0.3395 -0.0000 0.9406
vn 0.4639 -0.0000 0.8859
vn 0.0386 -0.0000 -0.9993
s 0
usemtl Material.001
f 1244//503 1242//503 1243//503
f 1245//503 1242//503 1244//503
f 1246//503 1242//503 1245//503
f 1246//503 1241//503 1242//503
f 1247//503 1241//503 1246//503
f 1248//503 1241//503 1247//503
f 1248//503 1240//503 1241//503
f 1260//503 1258//503 1259//503
f 1258//503 1260//503 1257//503
f 1291//503 1289//503 1290//503
f 1261//503 1256//503 1257//503
f 1262//503 1256//503 1261//503
f 1263//503 1256//503 1262//503
f 1264//503 1256//503 1263//503
f 1265//503 1256//503 1264//503
f 1266//503 1256//503 1265//503
f 1256//503 1266//503 1255//503
f 1254//503 1273//503 1274//503
f 1254//503 1278//503 1253//503
f 1255//503 1267//503 1268//503
f 1255//503 1268//503 1269//503
f 1255//503 1269//503 1270//503
f 1255//503 1266//503 1267//503
f 1255//503 1272//503 1254//503
f 1253//503 1279//503 1280//503
f 1253//503 1282//503 1238//503
f 1300//503 1286//503 1287//503
f 1254//503 1274//503 1275//503
f 1254//503 1275//503 1276//503
f 1239//503 1248//503 1249//503
f 1254//503 1277//503 1278//503
f 1238//503 1282//503 1283//503
f 1298//503 1294//503 1297//503
f 1294//503 1292//503 1293//503
f 1253//503 1280//503 1281//503
f 1257//503 1260//503 1261//503
f 1297//503 1295//503 1296//503
f 1284//503 1285//503 1283//503
f 1285//503 1238//503 1283//503
f 1253//503 1278//503 1279//503
f 1238//503 1285//503 1300//503
f 1252//503 1253//503 1238//503
f 1251//503 1252//503 1238//503
f 1240//503 1248//503 1239//503
f 1251//503 1237//503 1250//503
f 1249//503 1237//503 1239//503
f 1255//503 1270//503 1271//503
f 1300//503 1285//503 1286//503
f 1250//503 1237//503 1249//503
f 1254//503 1272//503 1273//503
f 1291//503 1288//503 1289//503
f 1294//503 1291//503 1292//503
f 1300//503 1287//503 1288//503
f 1288//503 1299//503 1300//503
f 1297//503 1294//503 1295//503
f 1253//503 1281//503 1282//503
f 1298//503 1288//503 1291//503
f 1291//503 1294//503 1298//503
f 1288//503 1298//503 1299//503
f 1238//503 1237//503 1251//503
f 1254//503 1276//503 1277//503
f 1255//503 1271//503 1272//503
f 1322//503 1321//503 1319//503
f 1319//503 1321//503 1320//503
f 1326//503 1318//503 1317//503
f 1323//503 1318//503 1324//503
f 1319//503 1318//503 1322//503
f 1318//503 1325//503 1324//503
f 1325//503 1318//503 1326//503
f 1317//503 1301//503 1326//503
f 1317//503 1302//503 1301//503
f 1317//503 1303//503 1302//503
f 1317//503 1304//503 1303//503
f 1317//503 1305//503 1304//503
f 1317//503 1306//503 1305//503
f 1317//503 1307//503 1306//503
f 1308//503 1307//503 1316//503
f 1310//503 1309//503 1315//503
f 1316//503 1307//503 1317//503
f 1315//503 1309//503 1308//503
f 1316//503 1315//503 1308//503
f 1315//503 1311//503 1310//503
f 1314//503 1311//503 1315//503
f 1312//503 1311//503 1313//503
f 1322//503 1318//503 1323//503
f 1313//503 1311//503 1314//503
f 1330//503 1331//503 1327//503
f 1329//503 1330//503 1327//503
f 1327//503 1331//503 1332//503
f 1332//503 1328//503 1327//503
f 1385//503 1328//503 1384//503
f 1333//503 1365//503 1366//503
f 1332//503 1382//503 1383//503
f 1384//503 1332//503 1383//503
f 1332//503 1379//503 1380//503
f 1332//503 1378//503 1379//503
f 1332//503 1377//503 1378//503
f 1333//503 1366//503 1367//503
f 1333//503 1376//503 1332//503
f 1333//503 1375//503 1376//503
f 1333//503 1374//503 1375//503
f 1333//503 1373//503 1374//503
f 1333//503 1372//503 1373//503
f 1333//503 1371//503 1372//503
f 1333//503 1370//503 1371//503
f 1333//503 1369//503 1370//503
f 1333//503 1368//503 1369//503
f 1333//503 1367//503 1368//503
f 1332//503 1381//503 1382//503
f 1333//503 1364//503 1365//503
f 1340//503 1355//503 1339//503
f 1334//503 1364//503 1333//503
f 1334//503 1363//503 1364//503
f 1334//503 1362//503 1363//503
f 1334//503 1361//503 1362//503
f 1334//503 1360//503 1361//503
f 1332//503 1380//503 1381//503
f 1334//503 1359//503 1360//503
f 1335//503 1336//503 1334//503
f 1336//503 1337//503 1334//503
f 1337//503 1338//503 1334//503
f 1334//503 1358//503 1359//503
f 1334//503 1356//503 1357//503
f 1332//503 1376//503 1377//503
f 1384//503 1328//503 1332//503
f 1339//503 1356//503 1334//503
f 1339//503 1355//503 1356//503
f 1354//503 1355//503 1340//503
f 1353//503 1354//503 1340//503
f 1338//503 1339//503 1334//503
f 1340//503 1352//503 1353//503
f 1340//503 1351//503 1352//503
f 1340//503 1350//503 1351//503
f 1341//503 1350//503 1340//503
f 1341//503 1349//503 1350//503
f 1341//503 1348//503 1349//503
f 1347//503 1348//503 1346//503
f 1348//503 1345//503 1346//503
f 1341//503 1345//503 1348//503
f 1341//503 1344//503 1345//503
f 1343//503 1344//503 1342//503
f 1334//503 1357//503 1358//503
f 1342//503 1344//503 1341//503
f 1390//503 1391//503 1392//503
f 1390//503 1392//503 1393//503
f 1390//503 1393//503 1394//503
f 1395//503 1386//503 1394//503
f 1396//503 1386//503 1395//503
f 1389//503 1390//503 1394//503
f 1397//503 1387//503 1396//503
f 1398//503 1387//503 1397//503
f 1399//503 1387//503 1398//503
f 1396//503 1387//503 1386//503
f 1386//503 1388//503 1394//503
f 1389//503 1394//503 1388//503
f 1407//504 1406//504 1405//504
f 1408//504 1407//504 1405//504
f 1409//504 1408//504 1405//504
f 1409//504 1405//504 1404//504
f 1410//504 1409//504 1404//504
f 1411//504 1410//504 1404//504
f 1411//504 1404//504 1403//504
f 1423//504 1422//504 1421//504
f 1421//504 1420//504 1423//504
f 1454//504 1453//504 1452//504
f 1424//504 1420//504 1419//504
f 1425//504 1424//504 1419//504
f 1426//504 1425//504 1419//504
f 1427//504 1426//504 1419//504
f 1428//504 1427//504 1419//504
f 1429//504 1428//504 1419//504
f 1419//504 1418//504 1429//504
f 1417//504 1437//504 1436//504
f 1417//504 1416//504 1441//504
f 1418//504 1431//504 1430//504
f 1418//504 1432//504 1431//504
f 1418//504 1433//504 1432//504
f 1418//504 1430//504 1429//504
f 1418//504 1417//504 1435//504
f 1416//504 1443//504 1442//504
f 1416//504 1401//504 1445//504
f 1463//504 1450//504 1449//504
f 1417//504 1438//504 1437//504
f 1417//504 1439//504 1438//504
f 1402//504 1412//504 1411//504
f 1417//504 1441//504 1440//504
f 1401//504 1446//504 1445//504
f 1461//504 1460//504 1457//504
f 1457//504 1456//504 1455//504
f 1416//504 1444//504 1443//504
f 1420//504 1424//504 1423//504
f 1460//504 1459//504 1458//504
f 1447//504 1446//504 1448//504
f 1448//504 1446//504 1401//504
f 1416//504 1442//504 1441//504
f 1401//504 1463//504 1448//504
f 1415//504 1401//504 1416//504
f 1414//504 1401//504 1415//504
f 1403//504 1402//504 1411//504
f 1414//504 1413//504 1400//504
f 1412//504 1402//504 1400//504
f 1418//504 1434//504 1433//504
f 1463//504 1449//504 1448//504
f 1413//504 1412//504 1400//504
f 1417//504 1436//504 1435//504
f 1454//504 1452//504 1451//504
f 1457//504 1455//504 1454//504
f 1463//504 1451//504 1450//504
f 1451//504 1463//504 1462//504
f 1460//504 1458//504 1457//504
f 1416//504 1445//504 1444//504
f 1461//504 1454//504 1451//504
f 1454//504 1461//504 1457//504
f 1451//504 1462//504 1461//504
f 1401//504 1414//504 1400//504
f 1417//504 1440//504 1439//504
f 1418//504 1435//504 1434//504
f 1485//504 1482//504 1484//504
f 1482//504 1483//504 1484//504
f 1489//504 1480//504 1481//504
f 1486//504 1487//504 1481//504
f 1482//504 1485//504 1481//504
f 1481//504 1487//504 1488//504
f 1488//504 1489//504 1481//504
f 1480//504 1489//504 1464//504
f 1480//504 1464//504 1465//504
f 1480//504 1465//504 1466//504
f 1480//504 1466//504 1467//504
f 1480//504 1467//504 1468//504
f 1480//504 1468//504 1469//504
f 1480//504 1469//504 1470//504
f 1471//504 1479//504 1470//504
f 1473//504 1478//504 1472//504
f 1479//504 1480//504 1470//504
f 1478//504 1471//504 1472//504
f 1479//504 1471//504 1478//504
f 1478//504 1473//504 1474//504
f 1477//504 1478//504 1474//504
f 1475//504 1476//504 1474//504
f 1485//504 1486//504 1481//504
f 1476//504 1477//504 1474//504
f 1493//504 1490//504 1494//504
f 1492//504 1490//504 1493//504
f 1490//504 1495//504 1494//504
f 1495//504 1490//504 1491//504
f 1548//504 1547//504 1491//504
f 1496//504 1529//504 1528//504
f 1495//504 1546//504 1545//504
f 1547//504 1546//504 1495//504
f 1495//504 1543//504 1542//504
f 1495//504 1542//504 1541//504
f 1495//504 1541//504 1540//504
f 1496//504 1530//504 1529//504
f 1496//504 1495//504 1539//504
f 1496//504 1539//504 1538//504
f 1496//504 1538//504 1537//504
f 1496//504 1537//504 1536//504
f 1496//504 1536//504 1535//504
f 1496//504 1535//504 1534//504
f 1496//504 1534//504 1533//504
f 1496//504 1533//504 1532//504
f 1496//504 1532//504 1531//504
f 1496//504 1531//504 1530//504
f 1495//504 1545//504 1544//504
f 1496//504 1528//504 1527//504
f 1503//504 1502//504 1518//504
f 1497//504 1496//504 1527//504
f 1497//504 1527//504 1526//504
f 1497//504 1526//504 1525//504
f 1497//504 1525//504 1524//504
f 1497//504 1524//504 1523//504
f 1495//504 1544//504 1543//504
f 1497//504 1523//504 1522//504
f 1498//504 1497//504 1499//504
f 1499//504 1497//504 1500//504
f 1500//504 1497//504 1501//504
f 1497//504 1522//504 1521//504
f 1497//504 1520//504 1519//504
f 1495//504 1540//504 1539//504
f 1547//504 1495//504 1491//504
f 1502//504 1497//504 1519//504
f 1502//504 1519//504 1518//504
f 1517//504 1503//504 1518//504
f 1516//504 1503//504 1517//504
f 1501//504 1497//504 1502//504
f 1503//504 1516//504 1515//504
f 1503//504 1515//504 1514//504
f 1503//504 1514//504 1513//504
f 1504//504 1503//504 1513//504
f 1504//504 1513//504 1512//504
f 1504//504 1512//504 1511//504
f 1510//504 1509//504 1511//504
f 1511//504 1509//504 1508//504
f 1504//504 1511//504 1508//504
f 1504//504 1508//504 1507//504
f 1506//504 1505//504 1507//504
f 1497//504 1521//504 1520//504
f 1505//504 1504//504 1507//504
f 1553//504 1555//504 1554//504
f 1553//504 1556//504 1555//504
f 1553//504 1557//504 1556//504
f 1558//504 1557//504 1549//504
f 1559//504 1558//504 1549//504
f 1552//504 1557//504 1553//504
f 1560//504 1559//504 1550//504
f 1561//504 1560//504 1550//504
f 1562//504 1561//504 1550//504
f 1559//504 1549//504 1550//504
f 1549//504 1557//504 1551//504
f 1552//504 1551//504 1557//504
f 1237//505 1238//505 1401//505 1400//505
f 1239//506 1237//506 1400//506 1402//506
f 1240//506 1239//506 1402//506 1403//506
f 1241//507 1240//507 1403//507 1404//507
f 1242//507 1241//507 1404//507 1405//507
f 1243//508 1242//508 1405//508 1406//508
f 1244//509 1243//509 1406//509 1407//509
f 1245//509 1244//509 1407//509 1408//509
f 1246//510 1245//510 1408//510 1409//510
f 1247//511 1246//511 1409//511 1410//511
f 1248//511 1247//511 1410//511 1411//511
f 1249//512 1248//512 1411//512 1412//512
f 1250//512 1249//512 1412//512 1413//512
f 1251//513 1250//513 1413//513 1414//513
f 1252//514 1251//514 1414//514 1415//514
f 1253//515 1252//515 1415//515 1416//515
f 1254//516 1253//516 1416//516 1417//516
f 1255//517 1254//517 1417//517 1418//517
f 1256//517 1255//517 1418//517 1419//517
f 1257//518 1256//518 1419//518 1420//518
f 1258//507 1257//507 1420//507 1421//507
f 1259//507 1258//507 1421//507 1422//507
f 1260//519 1259//519 1422//519 1423//519
f 1261//520 1260//520 1423//520 1424//520
f 1262//520 1261//520 1424//520 1425//520
f 1263//521 1262//521 1425//521 1426//521
f 1264//522 1263//522 1426//522 1427//522
f 1265//522 1264//522 1427//522 1428//522
f 1266//523 1265//523 1428//523 1429//523
f 1267//524 1266//524 1429//524 1430//524
f 1268//524 1267//524 1430//524 1431//524
f 1269//525 1268//525 1431//525 1432//525
f 1270//526 1269//526 1432//526 1433//526
f 1271//526 1270//526 1433//526 1434//526
f 1272//527 1271//527 1434//527 1435//527
f 1273//528 1272//528 1435//528 1436//528
f 1274//528 1273//528 1436//528 1437//528
f 1275//529 1274//529 1437//529 1438//529
f 1276//530 1275//530 1438//530 1439//530
f 1277//530 1276//530 1439//530 1440//530
f 1278//531 1277//531 1440//531 1441//531
f 1279//532 1278//532 1441//532 1442//532
f 1280//532 1279//532 1442//532 1443//532
f 1281//533 1280//533 1443//533 1444//533
f 1282//534 1281//534 1444//534 1445//534
f 1283//534 1282//534 1445//534 1446//534
f 1284//535 1283//535 1446//535 1447//535
f 1285//536 1284//536 1447//536 1448//536
f 1286//536 1285//536 1448//536 1449//536
f 1287//537 1286//537 1449//537 1450//537
f 1288//538 1287//538 1450//538 1451//538
f 1289//538 1288//538 1451//538 1452//538
f 1290//539 1289//539 1452//539 1453//539
f 1291//540 1290//540 1453//540 1454//540
f 1292//540 1291//540 1454//540 1455//540
f 1293//541 1292//541 1455//541 1456//541
f 1294//542 1293//542 1456//542 1457//542
f 1295//542 1294//542 1457//542 1458//542
f 1296//543 1295//543 1458//543 1459//543
f 1297//544 1296//544 1459//544 1460//544
f 1298//544 1297//544 1460//544 1461//544
f 1299//545 1298//545 1461//545 1462//545
f 1300//546 1299//546 1462//546 1463//546
f 1238//546 1300//546 1463//546 1401//546
f 1301//547 1302//547 1465//547 1464//547
f 1302//547 1303//547 1466//547 1465//547
f 1303//548 1304//548 1467//548 1466//548
f 1304//549 1305//549 1468//549 1467//549
f 1305//549 1306//549 1469//549 1468//549
f 1306//550 1307//550 1470//550 1469//550
f 1307//551 1308//551 1471//551 1470//551
f 1308//551 1309//551 1472//551 1471//551
f 1309//507 1310//507 1473//507 1472//507
f 1310//507 1311//507 1474//507 1473//507
f 1311//552 1312//552 1475//552 1474//552
f 1312//553 1313//553 1476//553 1475//553
f 1313//553 1314//553 1477//553 1476//553
f 1314//554 1315//554 1478//554 1477//554
f 1315//555 1316//555 1479//555 1478//555
f 1316//555 1317//555 1480//555 1479//555
f 1317//556 1318//556 1481//556 1480//556
f 1318//557 1319//557 1482//557 1481//557
f 1319//557 1320//557 1483//557 1482//557
f 1320//558 1321//558 1484//558 1483//558
f 1321//559 1322//559 1485//559 1484//559
f 1322//559 1323//559 1486//559 1485//559
f 1323//560 1324//560 1487//560 1486//560
f 1324//561 1325//561 1488//561 1487//561
f 1325//561 1326//561 1489//561 1488//561
f 1326//562 1301//562 1464//562 1489//562
f 1327//563 1328//563 1491//563 1490//563
f 1329//564 1327//564 1490//564 1492//564
f 1330//507 1329//507 1492//507 1493//507
f 1331//507 1330//507 1493//507 1494//507
f 1332//565 1331//565 1494//565 1495//565
f 1333//566 1332//566 1495//566 1496//566
f 1334//566 1333//566 1496//566 1497//566
f 1335//567 1334//567 1497//567 1498//567
f 1336//568 1335//568 1498//568 1499//568
f 1337//568 1336//568 1499//568 1500//568
f 1338//569 1337//569 1500//569 1501//569
f 1339//570 1338//570 1501//570 1502//570
f 1340//570 1339//570 1502//570 1503//570
f 1341//571 1340//571 1503//571 1504//571
f 1342//553 1341//553 1504//553 1505//553
f 1343//553 1342//553 1505//553 1506//553
f 1344//572 1343//572 1506//572 1507//572
f 1345//573 1344//573 1507//573 1508//573
f 1346//573 1345//573 1508//573 1509//573
f 1347//574 1346//574 1509//574 1510//574
f 1348//575 1347//575 1510//575 1511//575
f 1349//575 1348//575 1511//575 1512//575
f 1350//576 1349//576 1512//576 1513//576
f 1351//577 1350//577 1513//577 1514//577
f 1352//577 1351//577 1514//577 1515//577
f 1353//578 1352//578 1515//578 1516//578
f 1354//579 1353//579 1516//579 1517//579
f 1355//579 1354//579 1517//579 1518//579
f 1356//580 1355//580 1518//580 1519//580
f 1357//581 1356//581 1519//581 1520//581
f 1358//581 1357//581 1520//581 1521//581
f 1359//582 1358//582 1521//582 1522//582
f 1360//583 1359//583 1522//583 1523//583
f 1361//583 1360//583 1523//583 1524//583
f 1362//584 1361//584 1524//584 1525//584
f 1363//585 1362//585 1525//585 1526//585
f 1364//585 1363//585 1526//585 1527//585
f 1365//586 1364//586 1527//586 1528//586
f 1366//587 1365//587 1528//587 1529//587
f 1367//587 1366//587 1529//587 1530//587
f 1368//588 1367//588 1530//588 1531//588
f 1369//589 1368//589 1531//589 1532//589
f 1370//589 1369//589 1532//589 1533//589
f 1371//590 1370//590 1533//590 1534//590
f 1372//591 1371//591 1534//591 1535//591
f 1373//591 1372//591 1535//591 1536//591
f 1374//592 1373//592 1536//592 1537//592
f 1375//593 1374//593 1537//593 1538//593
f 1376//593 1375//593 1538//593 1539//593
f 1377//594 1376//594 1539//594 1540//594
f 1378//595 1377//595 1540//595 1541//595
f 1379//595 1378//595 1541//595 1542//595
f 1380//596 1379//596 1542//596 1543//596
f 1381//597 1380//597 1543//597 1544//597
f 1382//597 1381//597 1544//597 1545//597
f 1383//598 1382//598 1545//598 1546//598
f 1384//599 1383//599 1546//599 1547//599
f 1385//599 1384//599 1547//599 1548//599
f 1328//563 1385//563 1548//563 1491//563
f 1386//600 1387//600 1550//600 1549//600
f 1388//600 1386//600 1549//600 1551//600
f 1389//507 1388//507 1551//507 1552//507
f 1390//507 1389//507 1552//507 1553//507
f 1391//601 1390//601 1553//601 1554//601
f 1392//602 1391//602 1554//602 1555//602
f 1393//603 1392//603 1555//603 1556//603
f 1394//604 1393//604 1556//604 1557//604
f 1395//605 1394//605 1557//605 1558//605
f 1396//605 1395//605 1558//605 1559//605
f 1397//606 1396//606 1559//606 1560//606
f 1398//607 1397//607 1560//607 1561//607
f 1399//607 1398//607 1561//607 1562//607
f 1387//608 1399//608 1562//608 1550//608
